ID,resname,resid,x_1,y_1,z_1,x_2,y_2,z_2,x_3,y_3,z_3,x_4,y_4,z_4,x_5,y_5,z_5,target
R1107_1,G,1,,,,,,,,,,,,,,,,R1107
R1107_2,G,2,,,,,,,,,,,,,,,,R1107
R1107_3,G,3,,,,,,,,,,,,,,,,R1107
R1107_4,G,4,,,,,,,,,,,,,,,,R1107
R1107_5,G,5,,,,,,,,,,,,,,,,R1107
R1107_6,C,6,,,,,,,,,,,,,,,,R1107
R1107_7,C,7,,,,,,,,,,,,,,,,R1107
R1107_8,A,8,,,,,,,,,,,,,,,,R1107
R1107_9,C,9,,,,,,,,,,,,,,,,R1107
R1107_10,A,10,,,,,,,,,,,,,,,,R1107
R1107_11,G,11,,,,,,,,,,,,,,,,R1107
R1107_12,C,12,,,,,,,,,,,,,,,,R1107
R1107_13,A,13,,,,,,,,,,,,,,,,R1107
R1107_14,G,14,,,,,,,,,,,,,,,,R1107
R1107_15,A,15,,,,,,,,,,,,,,,,R1107
R1107_16,A,16,,,,,,,,,,,,,,,,R1107
R1107_17,G,17,,,,,,,,,,,,,,,,R1107
R1107_18,C,18,,,,,,,,,,,,,,,,R1107
R1107_19,G,19,,,,,,,,,,,,,,,,R1107
R1107_20,U,20,,,,,,,,,,,,,,,,R1107
R1107_21,U,21,,,,,,,,,,,,,,,,R1107
R1107_22,C,22,,,,,,,,,,,,,,,,R1107
R1107_23,A,23,,,,,,,,,,,,,,,,R1107
R1107_24,C,24,,,,,,,,,,,,,,,,R1107
R1107_25,G,25,,,,,,,,,,,,,,,,R1107
R1107_26,U,26,,,,,,,,,,,,,,,,R1107
R1107_27,C,27,,,,,,,,,,,,,,,,R1107
R1107_28,G,28,,,,,,,,,,,,,,,,R1107
R1107_29,C,29,,,,,,,,,,,,,,,,R1107
R1107_30,A,30,,,,,,,,,,,,,,,,R1107
R1107_31,G,31,,,,,,,,,,,,,,,,R1107
R1107_32,C,32,,,,,,,,,,,,,,,,R1107
R1107_33,C,33,,,,,,,,,,,,,,,,R1107
R1107_34,C,34,,,,,,,,,,,,,,,,R1107
R1107_35,C,35,,,,,,,,,,,,,,,,R1107
R1107_36,U,36,,,,,,,,,,,,,,,,R1107
R1107_37,G,37,,,,,,,,,,,,,,,,R1107
R1107_38,U,38,,,,,,,,,,,,,,,,R1107
R1107_39,C,39,,,,,,,,,,,,,,,,R1107
R1107_40,A,40,,,,,,,,,,,,,,,,R1107
R1107_41,G,41,,,,,,,,,,,,,,,,R1107
R1107_42,C,42,,,,,,,,,,,,,,,,R1107
R1107_43,C,43,,,,,,,,,,,,,,,,R1107
R1107_44,A,44,,,,,,,,,,,,,,,,R1107
R1107_45,U,45,,,,,,,,,,,,,,,,R1107
R1107_46,U,46,,,,,,,,,,,,,,,,R1107
R1107_47,G,47,,,,,,,,,,,,,,,,R1107
R1107_48,C,48,,,,,,,,,,,,,,,,R1107
R1107_49,A,49,,,,,,,,,,,,,,,,R1107
R1107_50,C,50,,,,,,,,,,,,,,,,R1107
R1107_51,U,51,,,,,,,,,,,,,,,,R1107
R1107_52,C,52,,,,,,,,,,,,,,,,R1107
R1107_53,C,53,,,,,,,,,,,,,,,,R1107
R1107_54,G,54,,,,,,,,,,,,,,,,R1107
R1107_55,G,55,,,,,,,,,,,,,,,,R1107
R1107_56,C,56,,,,,,,,,,,,,,,,R1107
R1107_57,U,57,,,,,,,,,,,,,,,,R1107
R1107_58,G,58,,,,,,,,,,,,,,,,R1107
R1107_59,C,59,,,,,,,,,,,,,,,,R1107
R1107_60,G,60,,,,,,,,,,,,,,,,R1107
R1107_61,A,61,,,,,,,,,,,,,,,,R1107
R1107_62,A,62,,,,,,,,,,,,,,,,R1107
R1107_63,U,63,,,,,,,,,,,,,,,,R1107
R1107_64,U,64,,,,,,,,,,,,,,,,R1107
R1107_65,C,65,,,,,,,,,,,,,,,,R1107
R1107_66,U,66,,,,,,,,,,,,,,,,R1107
R1107_67,G,67,,,,,,,,,,,,,,,,R1107
R1107_68,C,68,,,,,,,,,,,,,,,,R1107
R1107_69,U,69,,,,,,,,,,,,,,,,R1107
R1108_1,G,1,,,,,,,,,,,,,,,,R1108
R1108_2,G,2,,,,,,,,,,,,,,,,R1108
R1108_3,G,3,,,,,,,,,,,,,,,,R1108
R1108_4,G,4,,,,,,,,,,,,,,,,R1108
R1108_5,G,5,,,,,,,,,,,,,,,,R1108
R1108_6,C,6,,,,,,,,,,,,,,,,R1108
R1108_7,C,7,,,,,,,,,,,,,,,,R1108
R1108_8,A,8,,,,,,,,,,,,,,,,R1108
R1108_9,C,9,,,,,,,,,,,,,,,,R1108
R1108_10,A,10,,,,,,,,,,,,,,,,R1108
R1108_11,G,11,,,,,,,,,,,,,,,,R1108
R1108_12,C,12,,,,,,,,,,,,,,,,R1108
R1108_13,A,13,,,,,,,,,,,,,,,,R1108
R1108_14,G,14,,,,,,,,,,,,,,,,R1108
R1108_15,A,15,,,,,,,,,,,,,,,,R1108
R1108_16,A,16,,,,,,,,,,,,,,,,R1108
R1108_17,G,17,,,,,,,,,,,,,,,,R1108
R1108_18,C,18,,,,,,,,,,,,,,,,R1108
R1108_19,G,19,,,,,,,,,,,,,,,,R1108
R1108_20,U,20,,,,,,,,,,,,,,,,R1108
R1108_21,U,21,,,,,,,,,,,,,,,,R1108
R1108_22,C,22,,,,,,,,,,,,,,,,R1108
R1108_23,A,23,,,,,,,,,,,,,,,,R1108
R1108_24,C,24,,,,,,,,,,,,,,,,R1108
R1108_25,G,25,,,,,,,,,,,,,,,,R1108
R1108_26,U,26,,,,,,,,,,,,,,,,R1108
R1108_27,C,27,,,,,,,,,,,,,,,,R1108
R1108_28,G,28,,,,,,,,,,,,,,,,R1108
R1108_29,C,29,,,,,,,,,,,,,,,,R1108
R1108_30,G,30,,,,,,,,,,,,,,,,R1108
R1108_31,G,31,,,,,,,,,,,,,,,,R1108
R1108_32,C,32,,,,,,,,,,,,,,,,R1108
R1108_33,C,33,,,,,,,,,,,,,,,,R1108
R1108_34,C,34,,,,,,,,,,,,,,,,R1108
R1108_35,C,35,,,,,,,,,,,,,,,,R1108
R1108_36,U,36,,,,,,,,,,,,,,,,R1108
R1108_37,G,37,,,,,,,,,,,,,,,,R1108
R1108_38,U,38,,,,,,,,,,,,,,,,R1108
R1108_39,C,39,,,,,,,,,,,,,,,,R1108
R1108_40,A,40,,,,,,,,,,,,,,,,R1108
R1108_41,G,41,,,,,,,,,,,,,,,,R1108
R1108_42,C,42,,,,,,,,,,,,,,,,R1108
R1108_43,C,43,,,,,,,,,,,,,,,,R1108
R1108_44,A,44,,,,,,,,,,,,,,,,R1108
R1108_45,U,45,,,,,,,,,,,,,,,,R1108
R1108_46,U,46,,,,,,,,,,,,,,,,R1108
R1108_47,G,47,,,,,,,,,,,,,,,,R1108
R1108_48,C,48,,,,,,,,,,,,,,,,R1108
R1108_49,A,49,,,,,,,,,,,,,,,,R1108
R1108_50,C,50,,,,,,,,,,,,,,,,R1108
R1108_51,U,51,,,,,,,,,,,,,,,,R1108
R1108_52,C,52,,,,,,,,,,,,,,,,R1108
R1108_53,C,53,,,,,,,,,,,,,,,,R1108
R1108_54,G,54,,,,,,,,,,,,,,,,R1108
R1108_55,G,55,,,,,,,,,,,,,,,,R1108
R1108_56,C,56,,,,,,,,,,,,,,,,R1108
R1108_57,U,57,,,,,,,,,,,,,,,,R1108
R1108_58,G,58,,,,,,,,,,,,,,,,R1108
R1108_59,C,59,,,,,,,,,,,,,,,,R1108
R1108_60,G,60,,,,,,,,,,,,,,,,R1108
R1108_61,A,61,,,,,,,,,,,,,,,,R1108
R1108_62,A,62,,,,,,,,,,,,,,,,R1108
R1108_63,U,63,,,,,,,,,,,,,,,,R1108
R1108_64,U,64,,,,,,,,,,,,,,,,R1108
R1108_65,C,65,,,,,,,,,,,,,,,,R1108
R1108_66,U,66,,,,,,,,,,,,,,,,R1108
R1108_67,G,67,,,,,,,,,,,,,,,,R1108
R1108_68,C,68,,,,,,,,,,,,,,,,R1108
R1108_69,U,69,,,,,,,,,,,,,,,,R1108
R1156_1,G,1,,,,,,,,,,,,,,,,R1156
R1156_2,G,2,,,,,,,,,,,,,,,,R1156
R1156_3,A,3,,,,,,,,,,,,,,,,R1156
R1156_4,G,4,,,,,,,,,,,,,,,,R1156
R1156_5,C,5,,,,,,,,,,,,,,,,R1156
R1156_6,A,6,,,,,,,,,,,,,,,,R1156
R1156_7,U,7,,,,,,,,,,,,,,,,R1156
R1156_8,C,8,,,,,,,,,,,,,,,,R1156
R1156_9,G,9,,,,,,,,,,,,,,,,R1156
R1156_10,U,10,,,,,,,,,,,,,,,,R1156
R1156_11,G,11,,,,,,,,,,,,,,,,R1156
R1156_12,U,12,,,,,,,,,,,,,,,,R1156
R1156_13,C,13,,,,,,,,,,,,,,,,R1156
R1156_14,U,14,,,,,,,,,,,,,,,,R1156
R1156_15,C,15,,,,,,,,,,,,,,,,R1156
R1156_16,A,16,,,,,,,,,,,,,,,,R1156
R1156_17,A,17,,,,,,,,,,,,,,,,R1156
R1156_18,G,18,,,,,,,,,,,,,,,,R1156
R1156_19,U,19,,,,,,,,,,,,,,,,R1156
R1156_20,G,20,,,,,,,,,,,,,,,,R1156
R1156_21,C,21,,,,,,,,,,,,,,,,R1156
R1156_22,U,22,,,,,,,,,,,,,,,,R1156
R1156_23,U,23,,,,,,,,,,,,,,,,R1156
R1156_24,C,24,,,,,,,,,,,,,,,,R1156
R1156_25,A,25,,,,,,,,,,,,,,,,R1156
R1156_26,C,26,,,,,,,,,,,,,,,,R1156
R1156_27,G,27,,,,,,,,,,,,,,,,R1156
R1156_28,G,28,,,,,,,,,,,,,,,,R1156
R1156_29,U,29,,,,,,,,,,,,,,,,R1156
R1156_30,C,30,,,,,,,,,,,,,,,,R1156
R1156_31,A,31,,,,,,,,,,,,,,,,R1156
R1156_32,C,32,,,,,,,,,,,,,,,,R1156
R1156_33,A,33,,,,,,,,,,,,,,,,R1156
R1156_34,A,34,,,,,,,,,,,,,,,,R1156
R1156_35,U,35,,,,,,,,,,,,,,,,R1156
R1156_36,A,36,,,,,,,,,,,,,,,,R1156
R1156_37,U,37,,,,,,,,,,,,,,,,R1156
R1156_38,A,38,,,,,,,,,,,,,,,,R1156
R1156_39,C,39,,,,,,,,,,,,,,,,R1156
R1156_40,C,40,,,,,,,,,,,,,,,,R1156
R1156_41,G,41,,,,,,,,,,,,,,,,R1156
R1156_42,U,42,,,,,,,,,,,,,,,,R1156
R1156_43,U,43,,,,,,,,,,,,,,,,R1156
R1156_44,U,44,,,,,,,,,,,,,,,,R1156
R1156_45,C,45,,,,,,,,,,,,,,,,R1156
R1156_46,G,46,,,,,,,,,,,,,,,,R1156
R1156_47,U,47,,,,,,,,,,,,,,,,R1156
R1156_48,C,48,,,,,,,,,,,,,,,,R1156
R1156_49,G,49,,,,,,,,,,,,,,,,R1156
R1156_50,G,50,,,,,,,,,,,,,,,,R1156
R1156_51,G,51,,,,,,,,,,,,,,,,R1156
R1156_52,U,52,,,,,,,,,,,,,,,,R1156
R1156_53,G,53,,,,,,,,,,,,,,,,R1156
R1156_54,C,54,,,,,,,,,,,,,,,,R1156
R1156_55,G,55,,,,,,,,,,,,,,,,R1156
R1156_56,U,56,,,,,,,,,,,,,,,,R1156
R1156_57,G,57,,,,,,,,,,,,,,,,R1156
R1156_58,G,58,,,,,,,,,,,,,,,,R1156
R1156_59,C,59,,,,,,,,,,,,,,,,R1156
R1156_60,A,60,,,,,,,,,,,,,,,,R1156
R1156_61,A,61,,,,,,,,,,,,,,,,R1156
R1156_62,U,62,,,,,,,,,,,,,,,,R1156
R1156_63,U,63,,,,,,,,,,,,,,,,R1156
R1156_64,C,64,,,,,,,,,,,,,,,,R1156
R1156_65,G,65,,,,,,,,,,,,,,,,R1156
R1156_66,G,66,,,,,,,,,,,,,,,,R1156
R1156_67,U,67,,,,,,,,,,,,,,,,R1156
R1156_68,G,68,,,,,,,,,,,,,,,,R1156
R1156_69,C,69,,,,,,,,,,,,,,,,R1156
R1156_70,A,70,,,,,,,,,,,,,,,,R1156
R1156_71,C,71,,,,,,,,,,,,,,,,R1156
R1156_72,A,72,,,,,,,,,,,,,,,,R1156
R1156_73,U,73,,,,,,,,,,,,,,,,R1156
R1156_74,C,74,,,,,,,,,,,,,,,,R1156
R1156_75,A,75,,,,,,,,,,,,,,,,R1156
R1156_76,U,76,,,,,,,,,,,,,,,,R1156
R1156_77,G,77,,,,,,,,,,,,,,,,R1156
R1156_78,U,78,,,,,,,,,,,,,,,,R1156
R1156_79,C,79,,,,,,,,,,,,,,,,R1156
R1156_80,U,80,,,,,,,,,,,,,,,,R1156
R1156_81,U,81,,,,,,,,,,,,,,,,R1156
R1156_82,U,82,,,,,,,,,,,,,,,,R1156
R1156_83,C,83,,,,,,,,,,,,,,,,R1156
R1156_84,G,84,,,,,,,,,,,,,,,,R1156
R1156_85,U,85,,,,,,,,,,,,,,,,R1156
R1156_86,G,86,,,,,,,,,,,,,,,,R1156
R1156_87,G,87,,,,,,,,,,,,,,,,R1156
R1156_88,C,88,,,,,,,,,,,,,,,,R1156
R1156_89,U,89,,,,,,,,,,,,,,,,R1156
R1156_90,G,90,,,,,,,,,,,,,,,,R1156
R1156_91,G,91,,,,,,,,,,,,,,,,R1156
R1156_92,U,92,,,,,,,,,,,,,,,,R1156
R1156_93,G,93,,,,,,,,,,,,,,,,R1156
R1156_94,U,94,,,,,,,,,,,,,,,,R1156
R1156_95,G,95,,,,,,,,,,,,,,,,R1156
R1156_96,G,96,,,,,,,,,,,,,,,,R1156
R1156_97,C,97,,,,,,,,,,,,,,,,R1156
R1156_98,U,98,,,,,,,,,,,,,,,,R1156
R1156_99,C,99,,,,,,,,,,,,,,,,R1156
R1156_100,C,100,,,,,,,,,,,,,,,,R1156
R1156_101,U,101,,,,,,,,,,,,,,,,R1156
R1156_102,C,102,,,,,,,,,,,,,,,,R1156
R1156_103,A,103,,,,,,,,,,,,,,,,R1156
R1156_104,A,104,,,,,,,,,,,,,,,,R1156
R1156_105,G,105,,,,,,,,,,,,,,,,R1156
R1156_106,G,106,,,,,,,,,,,,,,,,R1156
R1156_107,U,107,,,,,,,,,,,,,,,,R1156
R1156_108,G,108,,,,,,,,,,,,,,,,R1156
R1156_109,C,109,,,,,,,,,,,,,,,,R1156
R1156_110,G,110,,,,,,,,,,,,,,,,R1156
R1156_111,A,111,,,,,,,,,,,,,,,,R1156
R1156_112,G,112,,,,,,,,,,,,,,,,R1156
R1156_113,G,113,,,,,,,,,,,,,,,,R1156
R1156_114,G,114,,,,,,,,,,,,,,,,R1156
R1156_115,G,115,,,,,,,,,,,,,,,,R1156
R1156_116,C,116,,,,,,,,,,,,,,,,R1156
R1156_117,A,117,,,,,,,,,,,,,,,,R1156
R1156_118,A,118,,,,,,,,,,,,,,,,R1156
R1156_119,G,119,,,,,,,,,,,,,,,,R1156
R1156_120,U,120,,,,,,,,,,,,,,,,R1156
R1156_121,A,121,,,,,,,,,,,,,,,,R1156
R1156_122,U,122,,,,,,,,,,,,,,,,R1156
R1156_123,A,123,,,,,,,,,,,,,,,,R1156
R1156_124,G,124,,,,,,,,,,,,,,,,R1156
R1156_125,A,125,,,,,,,,,,,,,,,,R1156
R1156_126,G,126,,,,,,,,,,,,,,,,R1156
R1156_127,C,127,,,,,,,,,,,,,,,,R1156
R1156_128,A,128,,,,,,,,,,,,,,,,R1156
R1156_129,G,129,,,,,,,,,,,,,,,,R1156
R1156_130,A,130,,,,,,,,,,,,,,,,R1156
R1156_131,G,131,,,,,,,,,,,,,,,,R1156
R1156_132,C,132,,,,,,,,,,,,,,,,R1156
R1156_133,U,133,,,,,,,,,,,,,,,,R1156
R1156_134,C,134,,,,,,,,,,,,,,,,R1156
R1156_135,C,135,,,,,,,,,,,,,,,,R1156
R1136_1,G,1,,,,,,,,,,,,,,,,R1136
R1136_2,G,2,,,,,,,,,,,,,,,,R1136
R1136_3,A,3,,,,,,,,,,,,,,,,R1136
R1136_4,U,4,,,,,,,,,,,,,,,,R1136
R1136_5,A,5,,,,,,,,,,,,,,,,R1136
R1136_6,C,6,,,,,,,,,,,,,,,,R1136
R1136_7,G,7,,,,,,,,,,,,,,,,R1136
R1136_8,U,8,,,,,,,,,,,,,,,,R1136
R1136_9,C,9,,,,,,,,,,,,,,,,R1136
R1136_10,U,10,,,,,,,,,,,,,,,,R1136
R1136_11,A,11,,,,,,,,,,,,,,,,R1136
R1136_12,C,12,,,,,,,,,,,,,,,,R1136
R1136_13,G,13,,,,,,,,,,,,,,,,R1136
R1136_14,C,14,,,,,,,,,,,,,,,,R1136
R1136_15,U,15,,,,,,,,,,,,,,,,R1136
R1136_16,C,16,,,,,,,,,,,,,,,,R1136
R1136_17,A,17,,,,,,,,,,,,,,,,R1136
R1136_18,G,18,,,,,,,,,,,,,,,,R1136
R1136_19,U,19,,,,,,,,,,,,,,,,R1136
R1136_20,G,20,,,,,,,,,,,,,,,,R1136
R1136_21,A,21,,,,,,,,,,,,,,,,R1136
R1136_22,C,22,,,,,,,,,,,,,,,,R1136
R1136_23,G,23,,,,,,,,,,,,,,,,R1136
R1136_24,G,24,,,,,,,,,,,,,,,,R1136
R1136_25,A,25,,,,,,,,,,,,,,,,R1136
R1136_26,C,26,,,,,,,,,,,,,,,,R1136
R1136_27,U,27,,,,,,,,,,,,,,,,R1136
R1136_28,C,28,,,,,,,,,,,,,,,,R1136
R1136_29,U,29,,,,,,,,,,,,,,,,R1136
R1136_30,C,30,,,,,,,,,,,,,,,,R1136
R1136_31,U,31,,,,,,,,,,,,,,,,R1136
R1136_32,U,32,,,,,,,,,,,,,,,,R1136
R1136_33,C,33,,,,,,,,,,,,,,,,R1136
R1136_34,G,34,,,,,,,,,,,,,,,,R1136
R1136_35,G,35,,,,,,,,,,,,,,,,R1136
R1136_36,A,36,,,,,,,,,,,,,,,,R1136
R1136_37,G,37,,,,,,,,,,,,,,,,R1136
R1136_38,A,38,,,,,,,,,,,,,,,,R1136
R1136_39,G,39,,,,,,,,,,,,,,,,R1136
R1136_40,U,40,,,,,,,,,,,,,,,,R1136
R1136_41,C,41,,,,,,,,,,,,,,,,R1136
R1136_42,U,42,,,,,,,,,,,,,,,,R1136
R1136_43,G,43,,,,,,,,,,,,,,,,R1136
R1136_44,A,44,,,,,,,,,,,,,,,,R1136
R1136_45,C,45,,,,,,,,,,,,,,,,R1136
R1136_46,A,46,,,,,,,,,,,,,,,,R1136
R1136_47,U,47,,,,,,,,,,,,,,,,R1136
R1136_48,C,48,,,,,,,,,,,,,,,,R1136
R1136_49,C,49,,,,,,,,,,,,,,,,R1136
R1136_50,G,50,,,,,,,,,,,,,,,,R1136
R1136_51,A,51,,,,,,,,,,,,,,,,R1136
R1136_52,A,52,,,,,,,,,,,,,,,,R1136
R1136_53,C,53,,,,,,,,,,,,,,,,R1136
R1136_54,C,54,,,,,,,,,,,,,,,,R1136
R1136_55,A,55,,,,,,,,,,,,,,,,R1136
R1136_56,U,56,,,,,,,,,,,,,,,,R1136
R1136_57,A,57,,,,,,,,,,,,,,,,R1136
R1136_58,C,58,,,,,,,,,,,,,,,,R1136
R1136_59,A,59,,,,,,,,,,,,,,,,R1136
R1136_60,C,60,,,,,,,,,,,,,,,,R1136
R1136_61,G,61,,,,,,,,,,,,,,,,R1136
R1136_62,G,62,,,,,,,,,,,,,,,,R1136
R1136_63,A,63,,,,,,,,,,,,,,,,R1136
R1136_64,U,64,,,,,,,,,,,,,,,,R1136
R1136_65,G,65,,,,,,,,,,,,,,,,R1136
R1136_66,U,66,,,,,,,,,,,,,,,,R1136
R1136_67,G,67,,,,,,,,,,,,,,,,R1136
R1136_68,C,68,,,,,,,,,,,,,,,,R1136
R1136_69,C,69,,,,,,,,,,,,,,,,R1136
R1136_70,U,70,,,,,,,,,,,,,,,,R1136
R1136_71,C,71,,,,,,,,,,,,,,,,R1136
R1136_72,G,72,,,,,,,,,,,,,,,,R1136
R1136_73,C,73,,,,,,,,,,,,,,,,R1136
R1136_74,C,74,,,,,,,,,,,,,,,,R1136
R1136_75,G,75,,,,,,,,,,,,,,,,R1136
R1136_76,A,76,,,,,,,,,,,,,,,,R1136
R1136_77,A,77,,,,,,,,,,,,,,,,R1136
R1136_78,C,78,,,,,,,,,,,,,,,,R1136
R1136_79,A,79,,,,,,,,,,,,,,,,R1136
R1136_80,G,80,,,,,,,,,,,,,,,,R1136
R1136_81,U,81,,,,,,,,,,,,,,,,R1136
R1136_82,C,82,,,,,,,,,,,,,,,,R1136
R1136_83,U,83,,,,,,,,,,,,,,,,R1136
R1136_84,A,84,,,,,,,,,,,,,,,,R1136
R1136_85,C,85,,,,,,,,,,,,,,,,R1136
R1136_86,G,86,,,,,,,,,,,,,,,,R1136
R1136_87,G,87,,,,,,,,,,,,,,,,R1136
R1136_88,C,88,,,,,,,,,,,,,,,,R1136
R1136_89,G,89,,,,,,,,,,,,,,,,R1136
R1136_90,A,90,,,,,,,,,,,,,,,,R1136
R1136_91,G,91,,,,,,,,,,,,,,,,R1136
R1136_92,C,92,,,,,,,,,,,,,,,,R1136
R1136_93,U,93,,,,,,,,,,,,,,,,R1136
R1136_94,U,94,,,,,,,,,,,,,,,,R1136
R1136_95,A,95,,,,,,,,,,,,,,,,R1136
R1136_96,A,96,,,,,,,,,,,,,,,,R1136
R1136_97,G,97,,,,,,,,,,,,,,,,R1136
R1136_98,C,98,,,,,,,,,,,,,,,,R1136
R1136_99,G,99,,,,,,,,,,,,,,,,R1136
R1136_100,C,100,,,,,,,,,,,,,,,,R1136
R1136_101,U,101,,,,,,,,,,,,,,,,R1136
R1136_102,G,102,,,,,,,,,,,,,,,,R1136
R1136_103,G,103,,,,,,,,,,,,,,,,R1136
R1136_104,G,104,,,,,,,,,,,,,,,,R1136
R1136_105,G,105,,,,,,,,,,,,,,,,R1136
R1136_106,A,106,,,,,,,,,,,,,,,,R1136
R1136_107,C,107,,,,,,,,,,,,,,,,R1136
R1136_108,G,108,,,,,,,,,,,,,,,,R1136
R1136_109,C,109,,,,,,,,,,,,,,,,R1136
R1136_110,C,110,,,,,,,,,,,,,,,,R1136
R1136_111,C,111,,,,,,,,,,,,,,,,R1136
R1136_112,A,112,,,,,,,,,,,,,,,,R1136
R1136_113,A,113,,,,,,,,,,,,,,,,R1136
R1136_114,C,114,,,,,,,,,,,,,,,,R1136
R1136_115,G,115,,,,,,,,,,,,,,,,R1136
R1136_116,C,116,,,,,,,,,,,,,,,,R1136
R1136_117,A,117,,,,,,,,,,,,,,,,R1136
R1136_118,U,118,,,,,,,,,,,,,,,,R1136
R1136_119,C,119,,,,,,,,,,,,,,,,R1136
R1136_120,A,120,,,,,,,,,,,,,,,,R1136
R1136_121,C,121,,,,,,,,,,,,,,,,R1136
R1136_122,A,122,,,,,,,,,,,,,,,,R1136
R1136_123,A,123,,,,,,,,,,,,,,,,R1136
R1136_124,A,124,,,,,,,,,,,,,,,,R1136
R1136_125,G,125,,,,,,,,,,,,,,,,R1136
R1136_126,A,126,,,,,,,,,,,,,,,,R1136
R1136_127,C,127,,,,,,,,,,,,,,,,R1136
R1136_128,U,128,,,,,,,,,,,,,,,,R1136
R1136_129,G,129,,,,,,,,,,,,,,,,R1136
R1136_130,A,130,,,,,,,,,,,,,,,,R1136
R1136_131,G,131,,,,,,,,,,,,,,,,R1136
R1136_132,U,132,,,,,,,,,,,,,,,,R1136
R1136_133,G,133,,,,,,,,,,,,,,,,R1136
R1136_134,A,134,,,,,,,,,,,,,,,,R1136
R1136_135,U,135,,,,,,,,,,,,,,,,R1136
R1136_136,G,136,,,,,,,,,,,,,,,,R1136
R1136_137,A,137,,,,,,,,,,,,,,,,R1136
R1136_138,A,138,,,,,,,,,,,,,,,,R1136
R1136_139,C,139,,,,,,,,,,,,,,,,R1136
R1136_140,C,140,,,,,,,,,,,,,,,,R1136
R1136_141,A,141,,,,,,,,,,,,,,,,R1136
R1136_142,G,142,,,,,,,,,,,,,,,,R1136
R1136_143,A,143,,,,,,,,,,,,,,,,R1136
R1136_144,A,144,,,,,,,,,,,,,,,,R1136
R1136_145,G,145,,,,,,,,,,,,,,,,R1136
R1136_146,U,146,,,,,,,,,,,,,,,,R1136
R1136_147,A,147,,,,,,,,,,,,,,,,R1136
R1136_148,U,148,,,,,,,,,,,,,,,,R1136
R1136_149,G,149,,,,,,,,,,,,,,,,R1136
R1136_150,G,150,,,,,,,,,,,,,,,,R1136
R1136_151,A,151,,,,,,,,,,,,,,,,R1136
R1136_152,C,152,,,,,,,,,,,,,,,,R1136
R1136_153,U,153,,,,,,,,,,,,,,,,R1136
R1136_154,G,154,,,,,,,,,,,,,,,,R1136
R1136_155,G,155,,,,,,,,,,,,,,,,R1136
R1136_156,U,156,,,,,,,,,,,,,,,,R1136
R1136_157,U,157,,,,,,,,,,,,,,,,R1136
R1136_158,G,158,,,,,,,,,,,,,,,,R1136
R1136_159,C,159,,,,,,,,,,,,,,,,R1136
R1136_160,G,160,,,,,,,,,,,,,,,,R1136
R1136_161,U,161,,,,,,,,,,,,,,,,R1136
R1136_162,U,162,,,,,,,,,,,,,,,,R1136
R1136_163,G,163,,,,,,,,,,,,,,,,R1136
R1136_164,G,164,,,,,,,,,,,,,,,,R1136
R1136_165,U,165,,,,,,,,,,,,,,,,R1136
R1136_166,G,166,,,,,,,,,,,,,,,,R1136
R1136_167,G,167,,,,,,,,,,,,,,,,R1136
R1136_168,A,168,,,,,,,,,,,,,,,,R1136
R1136_169,G,169,,,,,,,,,,,,,,,,R1136
R1136_170,A,170,,,,,,,,,,,,,,,,R1136
R1136_171,C,171,,,,,,,,,,,,,,,,R1136
R1136_172,G,172,,,,,,,,,,,,,,,,R1136
R1136_173,G,173,,,,,,,,,,,,,,,,R1136
R1136_174,U,174,,,,,,,,,,,,,,,,R1136
R1136_175,C,175,,,,,,,,,,,,,,,,R1136
R1136_176,G,176,,,,,,,,,,,,,,,,R1136
R1136_177,G,177,,,,,,,,,,,,,,,,R1136
R1136_178,G,178,,,,,,,,,,,,,,,,R1136
R1136_179,U,179,,,,,,,,,,,,,,,,R1136
R1136_180,C,180,,,,,,,,,,,,,,,,R1136
R1136_181,C,181,,,,,,,,,,,,,,,,R1136
R1136_182,A,182,,,,,,,,,,,,,,,,R1136
R1136_183,G,183,,,,,,,,,,,,,,,,R1136
R1136_184,U,184,,,,,,,,,,,,,,,,R1136
R1136_185,U,185,,,,,,,,,,,,,,,,R1136
R1136_186,C,186,,,,,,,,,,,,,,,,R1136
R1136_187,G,187,,,,,,,,,,,,,,,,R1136
R1136_188,C,188,,,,,,,,,,,,,,,,R1136
R1136_189,U,189,,,,,,,,,,,,,,,,R1136
R1136_190,G,190,,,,,,,,,,,,,,,,R1136
R1136_191,U,191,,,,,,,,,,,,,,,,R1136
R1136_192,C,192,,,,,,,,,,,,,,,,R1136
R1136_193,G,193,,,,,,,,,,,,,,,,R1136
R1136_194,A,194,,,,,,,,,,,,,,,,R1136
R1136_195,G,195,,,,,,,,,,,,,,,,R1136
R1136_196,U,196,,,,,,,,,,,,,,,,R1136
R1136_197,A,197,,,,,,,,,,,,,,,,R1136
R1136_198,G,198,,,,,,,,,,,,,,,,R1136
R1136_199,A,199,,,,,,,,,,,,,,,,R1136
R1136_200,G,200,,,,,,,,,,,,,,,,R1136
R1136_201,U,201,,,,,,,,,,,,,,,,R1136
R1136_202,G,202,,,,,,,,,,,,,,,,R1136
R1136_203,U,203,,,,,,,,,,,,,,,,R1136
R1136_204,G,204,,,,,,,,,,,,,,,,R1136
R1136_205,G,205,,,,,,,,,,,,,,,,R1136
R1136_206,G,206,,,,,,,,,,,,,,,,R1136
R1136_207,C,207,,,,,,,,,,,,,,,,R1136
R1136_208,U,208,,,,,,,,,,,,,,,,R1136
R1136_209,C,209,,,,,,,,,,,,,,,,R1136
R1136_210,C,210,,,,,,,,,,,,,,,,R1136
R1136_211,A,211,,,,,,,,,,,,,,,,R1136
R1136_212,U,212,,,,,,,,,,,,,,,,R1136
R1136_213,C,213,,,,,,,,,,,,,,,,R1136
R1136_214,G,214,,,,,,,,,,,,,,,,R1136
R1136_215,A,215,,,,,,,,,,,,,,,,R1136
R1136_216,C,216,,,,,,,,,,,,,,,,R1136
R1136_217,G,217,,,,,,,,,,,,,,,,R1136
R1136_218,C,218,,,,,,,,,,,,,,,,R1136
R1136_219,C,219,,,,,,,,,,,,,,,,R1136
R1136_220,G,220,,,,,,,,,,,,,,,,R1136
R1136_221,C,221,,,,,,,,,,,,,,,,R1136
R1136_222,U,222,,,,,,,,,,,,,,,,R1136
R1136_223,U,223,,,,,,,,,,,,,,,,R1136
R1136_224,U,224,,,,,,,,,,,,,,,,R1136
R1136_225,A,225,,,,,,,,,,,,,,,,R1136
R1136_226,A,226,,,,,,,,,,,,,,,,R1136
R1136_227,G,227,,,,,,,,,,,,,,,,R1136
R1136_228,G,228,,,,,,,,,,,,,,,,R1136
R1136_229,U,229,,,,,,,,,,,,,,,,R1136
R1136_230,C,230,,,,,,,,,,,,,,,,R1136
R1136_231,C,231,,,,,,,,,,,,,,,,R1136
R1136_232,C,232,,,,,,,,,,,,,,,,R1136
R1136_233,C,233,,,,,,,,,,,,,,,,R1136
R1136_234,A,234,,,,,,,,,,,,,,,,R1136
R1136_235,A,235,,,,,,,,,,,,,,,,R1136
R1136_236,U,236,,,,,,,,,,,,,,,,R1136
R1136_237,C,237,,,,,,,,,,,,,,,,R1136
R1136_238,G,238,,,,,,,,,,,,,,,,R1136
R1136_239,U,239,,,,,,,,,,,,,,,,R1136
R1136_240,G,240,,,,,,,,,,,,,,,,R1136
R1136_241,G,241,,,,,,,,,,,,,,,,R1136
R1136_242,C,242,,,,,,,,,,,,,,,,R1136
R1136_243,G,243,,,,,,,,,,,,,,,,R1136
R1136_244,U,244,,,,,,,,,,,,,,,,R1136
R1136_245,G,245,,,,,,,,,,,,,,,,R1136
R1136_246,U,246,,,,,,,,,,,,,,,,R1136
R1136_247,C,247,,,,,,,,,,,,,,,,R1136
R1136_248,G,248,,,,,,,,,,,,,,,,R1136
R1136_249,G,249,,,,,,,,,,,,,,,,R1136
R1136_250,C,250,,,,,,,,,,,,,,,,R1136
R1136_251,C,251,,,,,,,,,,,,,,,,R1136
R1136_252,U,252,,,,,,,,,,,,,,,,R1136
R1136_253,G,253,,,,,,,,,,,,,,,,R1136
R1136_254,C,254,,,,,,,,,,,,,,,,R1136
R1136_255,U,255,,,,,,,,,,,,,,,,R1136
R1136_256,U,256,,,,,,,,,,,,,,,,R1136
R1136_257,C,257,,,,,,,,,,,,,,,,R1136
R1136_258,G,258,,,,,,,,,,,,,,,,R1136
R1136_259,G,259,,,,,,,,,,,,,,,,R1136
R1136_260,C,260,,,,,,,,,,,,,,,,R1136
R1136_261,A,261,,,,,,,,,,,,,,,,R1136
R1136_262,G,262,,,,,,,,,,,,,,,,R1136
R1136_263,G,263,,,,,,,,,,,,,,,,R1136
R1136_264,C,264,,,,,,,,,,,,,,,,R1136
R1136_265,A,265,,,,,,,,,,,,,,,,R1136
R1136_266,C,266,,,,,,,,,,,,,,,,R1136
R1136_267,U,267,,,,,,,,,,,,,,,,R1136
R1136_268,G,268,,,,,,,,,,,,,,,,R1136
R1136_269,G,269,,,,,,,,,,,,,,,,R1136
R1136_270,C,270,,,,,,,,,,,,,,,,R1136
R1136_271,G,271,,,,,,,,,,,,,,,,R1136
R1136_272,C,272,,,,,,,,,,,,,,,,R1136
R1136_273,C,273,,,,,,,,,,,,,,,,R1136
R1136_274,G,274,,,,,,,,,,,,,,,,R1136
R1136_275,G,275,,,,,,,,,,,,,,,,R1136
R1136_276,G,276,,,,,,,,,,,,,,,,R1136
R1136_277,A,277,,,,,,,,,,,,,,,,R1136
R1136_278,C,278,,,,,,,,,,,,,,,,R1136
R1136_279,C,279,,,,,,,,,,,,,,,,R1136
R1136_280,U,280,,,,,,,,,,,,,,,,R1136
R1136_281,U,281,,,,,,,,,,,,,,,,R1136
R1136_282,G,282,,,,,,,,,,,,,,,,R1136
R1136_283,A,283,,,,,,,,,,,,,,,,R1136
R1136_284,A,284,,,,,,,,,,,,,,,,R1136
R1136_285,G,285,,,,,,,,,,,,,,,,R1136
R1136_286,A,286,,,,,,,,,,,,,,,,R1136
R1136_287,G,287,,,,,,,,,,,,,,,,R1136
R1136_288,A,288,,,,,,,,,,,,,,,,R1136
R1136_289,U,289,,,,,,,,,,,,,,,,R1136
R1136_290,G,290,,,,,,,,,,,,,,,,R1136
R1136_291,A,291,,,,,,,,,,,,,,,,R1136
R1136_292,G,292,,,,,,,,,,,,,,,,R1136
R1136_293,A,293,,,,,,,,,,,,,,,,R1136
R1136_294,U,294,,,,,,,,,,,,,,,,R1136
R1136_295,U,295,,,,,,,,,,,,,,,,R1136
R1136_296,U,296,,,,,,,,,,,,,,,,R1136
R1136_297,C,297,,,,,,,,,,,,,,,,R1136
R1136_298,G,298,,,,,,,,,,,,,,,,R1136
R1136_299,A,299,,,,,,,,,,,,,,,,R1136
R1136_300,U,300,,,,,,,,,,,,,,,,R1136
R1136_301,C,301,,,,,,,,,,,,,,,,R1136
R1136_302,U,302,,,,,,,,,,,,,,,,R1136
R1136_303,C,303,,,,,,,,,,,,,,,,R1136
R1136_304,A,304,,,,,,,,,,,,,,,,R1136
R1136_305,U,305,,,,,,,,,,,,,,,,R1136
R1136_306,C,306,,,,,,,,,,,,,,,,R1136
R1136_307,U,307,,,,,,,,,,,,,,,,R1136
R1136_308,U,308,,,,,,,,,,,,,,,,R1136
R1136_309,U,309,,,,,,,,,,,,,,,,R1136
R1136_310,G,310,,,,,,,,,,,,,,,,R1136
R1136_311,G,311,,,,,,,,,,,,,,,,R1136
R1136_312,G,312,,,,,,,,,,,,,,,,R1136
R1136_313,U,313,,,,,,,,,,,,,,,,R1136
R1136_314,G,314,,,,,,,,,,,,,,,,R1136
R1136_315,U,315,,,,,,,,,,,,,,,,R1136
R1136_316,C,316,,,,,,,,,,,,,,,,R1136
R1136_317,U,317,,,,,,,,,,,,,,,,R1136
R1136_318,C,318,,,,,,,,,,,,,,,,R1136
R1136_319,U,319,,,,,,,,,,,,,,,,R1136
R1136_320,G,320,,,,,,,,,,,,,,,,R1136
R1136_321,G,321,,,,,,,,,,,,,,,,R1136
R1136_322,U,322,,,,,,,,,,,,,,,,R1136
R1136_323,G,323,,,,,,,,,,,,,,,,R1136
R1136_324,C,324,,,,,,,,,,,,,,,,R1136
R1136_325,U,325,,,,,,,,,,,,,,,,R1136
R1136_326,U,326,,,,,,,,,,,,,,,,R1136
R1136_327,G,327,,,,,,,,,,,,,,,,R1136
R1136_328,A,328,,,,,,,,,,,,,,,,R1136
R1136_329,G,329,,,,,,,,,,,,,,,,R1136
R1136_330,G,330,,,,,,,,,,,,,,,,R1136
R1136_331,G,331,,,,,,,,,,,,,,,,R1136
R1136_332,C,332,,,,,,,,,,,,,,,,R1136
R1136_333,C,333,,,,,,,,,,,,,,,,R1136
R1136_334,C,334,,,,,,,,,,,,,,,,R1136
R1136_335,U,335,,,,,,,,,,,,,,,,R1136
R1136_336,G,336,,,,,,,,,,,,,,,,R1136
R1136_337,U,337,,,,,,,,,,,,,,,,R1136
R1136_338,G,338,,,,,,,,,,,,,,,,R1136
R1136_339,U,339,,,,,,,,,,,,,,,,R1136
R1136_340,U,340,,,,,,,,,,,,,,,,R1136
R1136_341,C,341,,,,,,,,,,,,,,,,R1136
R1136_342,G,342,,,,,,,,,,,,,,,,R1136
R1136_343,C,343,,,,,,,,,,,,,,,,R1136
R1136_344,A,344,,,,,,,,,,,,,,,,R1136
R1136_345,C,345,,,,,,,,,,,,,,,,R1136
R1136_346,A,346,,,,,,,,,,,,,,,,R1136
R1136_347,G,347,,,,,,,,,,,,,,,,R1136
R1136_348,G,348,,,,,,,,,,,,,,,,R1136
R1136_349,G,349,,,,,,,,,,,,,,,,R1136
R1136_350,C,350,,,,,,,,,,,,,,,,R1136
R1136_351,C,351,,,,,,,,,,,,,,,,R1136
R1136_352,G,352,,,,,,,,,,,,,,,,R1136
R1136_353,C,353,,,,,,,,,,,,,,,,R1136
R1136_354,U,354,,,,,,,,,,,,,,,,R1136
R1136_355,C,355,,,,,,,,,,,,,,,,R1136
R1136_356,A,356,,,,,,,,,,,,,,,,R1136
R1136_357,C,357,,,,,,,,,,,,,,,,R1136
R1136_358,U,358,,,,,,,,,,,,,,,,R1136
R1136_359,G,359,,,,,,,,,,,,,,,,R1136
R1136_360,G,360,,,,,,,,,,,,,,,,R1136
R1136_361,G,361,,,,,,,,,,,,,,,,R1136
R1136_362,U,362,,,,,,,,,,,,,,,,R1136
R1136_363,G,363,,,,,,,,,,,,,,,,R1136
R1136_364,U,364,,,,,,,,,,,,,,,,R1136
R1136_365,G,365,,,,,,,,,,,,,,,,R1136
R1136_366,G,366,,,,,,,,,,,,,,,,R1136
R1136_367,A,367,,,,,,,,,,,,,,,,R1136
R1136_368,C,368,,,,,,,,,,,,,,,,R1136
R1136_369,G,369,,,,,,,,,,,,,,,,R1136
R1136_370,U,370,,,,,,,,,,,,,,,,R1136
R1136_371,A,371,,,,,,,,,,,,,,,,R1136
R1136_372,U,372,,,,,,,,,,,,,,,,R1136
R1136_373,C,373,,,,,,,,,,,,,,,,R1136
R1136_374,C,374,,,,,,,,,,,,,,,,R1136
R1126_1,G,1,,,,,,,,,,,,,,,,R1126
R1126_2,G,2,,,,,,,,,,,,,,,,R1126
R1126_3,A,3,,,,,,,,,,,,,,,,R1126
R1126_4,A,4,,,,,,,,,,,,,,,,R1126
R1126_5,U,5,,,,,,,,,,,,,,,,R1126
R1126_6,C,6,,,,,,,,,,,,,,,,R1126
R1126_7,U,7,,,,,,,,,,,,,,,,R1126
R1126_8,C,8,,,,,,,,,,,,,,,,R1126
R1126_9,G,9,,,,,,,,,,,,,,,,R1126
R1126_10,C,10,,,,,,,,,,,,,,,,R1126
R1126_11,C,11,,,,,,,,,,,,,,,,R1126
R1126_12,C,12,,,,,,,,,,,,,,,,R1126
R1126_13,G,13,,,,,,,,,,,,,,,,R1126
R1126_14,A,14,,,,,,,,,,,,,,,,R1126
R1126_15,U,15,,,,,,,,,,,,,,,,R1126
R1126_16,G,16,,,,,,,,,,,,,,,,R1126
R1126_17,U,17,,,,,,,,,,,,,,,,R1126
R1126_18,U,18,,,,,,,,,,,,,,,,R1126
R1126_19,C,19,,,,,,,,,,,,,,,,R1126
R1126_20,G,20,,,,,,,,,,,,,,,,R1126
R1126_21,C,21,,,,,,,,,,,,,,,,R1126
R1126_22,A,22,,,,,,,,,,,,,,,,R1126
R1126_23,U,23,,,,,,,,,,,,,,,,R1126
R1126_24,C,24,,,,,,,,,,,,,,,,R1126
R1126_25,G,25,,,,,,,,,,,,,,,,R1126
R1126_26,G,26,,,,,,,,,,,,,,,,R1126
R1126_27,G,27,,,,,,,,,,,,,,,,R1126
R1126_28,A,28,,,,,,,,,,,,,,,,R1126
R1126_29,U,29,,,,,,,,,,,,,,,,R1126
R1126_30,U,30,,,,,,,,,,,,,,,,R1126
R1126_31,U,31,,,,,,,,,,,,,,,,R1126
R1126_32,G,32,,,,,,,,,,,,,,,,R1126
R1126_33,C,33,,,,,,,,,,,,,,,,R1126
R1126_34,A,34,,,,,,,,,,,,,,,,R1126
R1126_35,G,35,,,,,,,,,,,,,,,,R1126
R1126_36,G,36,,,,,,,,,,,,,,,,R1126
R1126_37,U,37,,,,,,,,,,,,,,,,R1126
R1126_38,C,38,,,,,,,,,,,,,,,,R1126
R1126_39,C,39,,,,,,,,,,,,,,,,R1126
R1126_40,A,40,,,,,,,,,,,,,,,,R1126
R1126_41,U,41,,,,,,,,,,,,,,,,R1126
R1126_42,G,42,,,,,,,,,,,,,,,,R1126
R1126_43,G,43,,,,,,,,,,,,,,,,R1126
R1126_44,A,44,,,,,,,,,,,,,,,,R1126
R1126_45,U,45,,,,,,,,,,,,,,,,R1126
R1126_46,U,46,,,,,,,,,,,,,,,,R1126
R1126_47,A,47,,,,,,,,,,,,,,,,R1126
R1126_48,C,48,,,,,,,,,,,,,,,,R1126
R1126_49,A,49,,,,,,,,,,,,,,,,R1126
R1126_50,C,50,,,,,,,,,,,,,,,,R1126
R1126_51,C,51,,,,,,,,,,,,,,,,R1126
R1126_52,A,52,,,,,,,,,,,,,,,,R1126
R1126_53,U,53,,,,,,,,,,,,,,,,R1126
R1126_54,G,54,,,,,,,,,,,,,,,,R1126
R1126_55,C,55,,,,,,,,,,,,,,,,R1126
R1126_56,A,56,,,,,,,,,,,,,,,,R1126
R1126_57,A,57,,,,,,,,,,,,,,,,R1126
R1126_58,C,58,,,,,,,,,,,,,,,,R1126
R1126_59,G,59,,,,,,,,,,,,,,,,R1126
R1126_60,C,60,,,,,,,,,,,,,,,,R1126
R1126_61,A,61,,,,,,,,,,,,,,,,R1126
R1126_62,G,62,,,,,,,,,,,,,,,,R1126
R1126_63,A,63,,,,,,,,,,,,,,,,R1126
R1126_64,C,64,,,,,,,,,,,,,,,,R1126
R1126_65,C,65,,,,,,,,,,,,,,,,R1126
R1126_66,U,66,,,,,,,,,,,,,,,,R1126
R1126_67,G,67,,,,,,,,,,,,,,,,R1126
R1126_68,U,68,,,,,,,,,,,,,,,,R1126
R1126_69,A,69,,,,,,,,,,,,,,,,R1126
R1126_70,G,70,,,,,,,,,,,,,,,,R1126
R1126_71,A,71,,,,,,,,,,,,,,,,R1126
R1126_72,U,72,,,,,,,,,,,,,,,,R1126
R1126_73,G,73,,,,,,,,,,,,,,,,R1126
R1126_74,C,74,,,,,,,,,,,,,,,,R1126
R1126_75,C,75,,,,,,,,,,,,,,,,R1126
R1126_76,A,76,,,,,,,,,,,,,,,,R1126
R1126_77,C,77,,,,,,,,,,,,,,,,R1126
R1126_78,G,78,,,,,,,,,,,,,,,,R1126
R1126_79,C,79,,,,,,,,,,,,,,,,R1126
R1126_80,U,80,,,,,,,,,,,,,,,,R1126
R1126_81,A,81,,,,,,,,,,,,,,,,R1126
R1126_82,G,82,,,,,,,,,,,,,,,,R1126
R1126_83,C,83,,,,,,,,,,,,,,,,R1126
R1126_84,C,84,,,,,,,,,,,,,,,,R1126
R1126_85,G,85,,,,,,,,,,,,,,,,R1126
R1126_86,U,86,,,,,,,,,,,,,,,,R1126
R1126_87,G,87,,,,,,,,,,,,,,,,R1126
R1126_88,G,88,,,,,,,,,,,,,,,,R1126
R1126_89,U,89,,,,,,,,,,,,,,,,R1126
R1126_90,G,90,,,,,,,,,,,,,,,,R1126
R1126_91,A,91,,,,,,,,,,,,,,,,R1126
R1126_92,G,92,,,,,,,,,,,,,,,,R1126
R1126_93,G,93,,,,,,,,,,,,,,,,R1126
R1126_94,G,94,,,,,,,,,,,,,,,,R1126
R1126_95,U,95,,,,,,,,,,,,,,,,R1126
R1126_96,C,96,,,,,,,,,,,,,,,,R1126
R1126_97,G,97,,,,,,,,,,,,,,,,R1126
R1126_98,G,98,,,,,,,,,,,,,,,,R1126
R1126_99,G,99,,,,,,,,,,,,,,,,R1126
R1126_100,U,100,,,,,,,,,,,,,,,,R1126
R1126_101,C,101,,,,,,,,,,,,,,,,R1126
R1126_102,C,102,,,,,,,,,,,,,,,,R1126
R1126_103,A,103,,,,,,,,,,,,,,,,R1126
R1126_104,G,104,,,,,,,,,,,,,,,,R1126
R1126_105,A,105,,,,,,,,,,,,,,,,R1126
R1126_106,U,106,,,,,,,,,,,,,,,,R1126
R1126_107,G,107,,,,,,,,,,,,,,,,R1126
R1126_108,U,108,,,,,,,,,,,,,,,,R1126
R1126_109,C,109,,,,,,,,,,,,,,,,R1126
R1126_110,A,110,,,,,,,,,,,,,,,,R1126
R1126_111,U,111,,,,,,,,,,,,,,,,R1126
R1126_112,U,112,,,,,,,,,,,,,,,,R1126
R1126_113,C,113,,,,,,,,,,,,,,,,R1126
R1126_114,G,114,,,,,,,,,,,,,,,,R1126
R1126_115,A,115,,,,,,,,,,,,,,,,R1126
R1126_116,C,116,,,,,,,,,,,,,,,,R1126
R1126_117,U,117,,,,,,,,,,,,,,,,R1126
R1126_118,U,118,,,,,,,,,,,,,,,,R1126
R1126_119,U,119,,,,,,,,,,,,,,,,R1126
R1126_120,A,120,,,,,,,,,,,,,,,,R1126
R1126_121,A,121,,,,,,,,,,,,,,,,R1126
R1126_122,C,122,,,,,,,,,,,,,,,,R1126
R1126_123,G,123,,,,,,,,,,,,,,,,R1126
R1126_124,C,124,,,,,,,,,,,,,,,,R1126
R1126_125,G,125,,,,,,,,,,,,,,,,R1126
R1126_126,C,126,,,,,,,,,,,,,,,,R1126
R1126_127,C,127,,,,,,,,,,,,,,,,R1126
R1126_128,U,128,,,,,,,,,,,,,,,,R1126
R1126_129,A,129,,,,,,,,,,,,,,,,R1126
R1126_130,A,130,,,,,,,,,,,,,,,,R1126
R1126_131,G,131,,,,,,,,,,,,,,,,R1126
R1126_132,C,132,,,,,,,,,,,,,,,,R1126
R1126_133,G,133,,,,,,,,,,,,,,,,R1126
R1126_134,U,134,,,,,,,,,,,,,,,,R1126
R1126_135,U,135,,,,,,,,,,,,,,,,R1126
R1126_136,G,136,,,,,,,,,,,,,,,,R1126
R1126_137,A,137,,,,,,,,,,,,,,,,R1126
R1126_138,A,138,,,,,,,,,,,,,,,,R1126
R1126_139,G,139,,,,,,,,,,,,,,,,R1126
R1126_140,G,140,,,,,,,,,,,,,,,,R1126
R1126_141,C,141,,,,,,,,,,,,,,,,R1126
R1126_142,G,142,,,,,,,,,,,,,,,,R1126
R1126_143,U,143,,,,,,,,,,,,,,,,R1126
R1126_144,G,144,,,,,,,,,,,,,,,,R1126
R1126_145,U,145,,,,,,,,,,,,,,,,R1126
R1126_146,U,146,,,,,,,,,,,,,,,,R1126
R1126_147,A,147,,,,,,,,,,,,,,,,R1126
R1126_148,G,148,,,,,,,,,,,,,,,,R1126
R1126_149,A,149,,,,,,,,,,,,,,,,R1126
R1126_150,G,150,,,,,,,,,,,,,,,,R1126
R1126_151,C,151,,,,,,,,,,,,,,,,R1126
R1126_152,A,152,,,,,,,,,,,,,,,,R1126
R1126_153,G,153,,,,,,,,,,,,,,,,R1126
R1126_154,A,154,,,,,,,,,,,,,,,,R1126
R1126_155,U,155,,,,,,,,,,,,,,,,R1126
R1126_156,A,156,,,,,,,,,,,,,,,,R1126
R1126_157,G,157,,,,,,,,,,,,,,,,R1126
R1126_158,U,158,,,,,,,,,,,,,,,,R1126
R1126_159,U,159,,,,,,,,,,,,,,,,R1126
R1126_160,C,160,,,,,,,,,,,,,,,,R1126
R1126_161,G,161,,,,,,,,,,,,,,,,R1126
R1126_162,C,162,,,,,,,,,,,,,,,,R1126
R1126_163,U,163,,,,,,,,,,,,,,,,R1126
R1126_164,A,164,,,,,,,,,,,,,,,,R1126
R1126_165,U,165,,,,,,,,,,,,,,,,R1126
R1126_166,C,166,,,,,,,,,,,,,,,,R1126
R1126_167,U,167,,,,,,,,,,,,,,,,R1126
R1126_168,G,168,,,,,,,,,,,,,,,,R1126
R1126_169,G,169,,,,,,,,,,,,,,,,R1126
R1126_170,G,170,,,,,,,,,,,,,,,,R1126
R1126_171,G,171,,,,,,,,,,,,,,,,R1126
R1126_172,A,172,,,,,,,,,,,,,,,,R1126
R1126_173,G,173,,,,,,,,,,,,,,,,R1126
R1126_174,C,174,,,,,,,,,,,,,,,,R1126
R1126_175,C,175,,,,,,,,,,,,,,,,R1126
R1126_176,U,176,,,,,,,,,,,,,,,,R1126
R1126_177,G,177,,,,,,,,,,,,,,,,R1126
R1126_178,U,178,,,,,,,,,,,,,,,,R1126
R1126_179,U,179,,,,,,,,,,,,,,,,R1126
R1126_180,C,180,,,,,,,,,,,,,,,,R1126
R1126_181,G,181,,,,,,,,,,,,,,,,R1126
R1126_182,C,182,,,,,,,,,,,,,,,,R1126
R1126_183,A,183,,,,,,,,,,,,,,,,R1126
R1126_184,G,184,,,,,,,,,,,,,,,,R1126
R1126_185,G,185,,,,,,,,,,,,,,,,R1126
R1126_186,C,186,,,,,,,,,,,,,,,,R1126
R1126_187,U,187,,,,,,,,,,,,,,,,R1126
R1126_188,C,188,,,,,,,,,,,,,,,,R1126
R1126_189,A,189,,,,,,,,,,,,,,,,R1126
R1126_190,G,190,,,,,,,,,,,,,,,,R1126
R1126_191,G,191,,,,,,,,,,,,,,,,R1126
R1126_192,A,192,,,,,,,,,,,,,,,,R1126
R1126_193,G,193,,,,,,,,,,,,,,,,R1126
R1126_194,C,194,,,,,,,,,,,,,,,,R1126
R1126_195,C,195,,,,,,,,,,,,,,,,R1126
R1126_196,U,196,,,,,,,,,,,,,,,,R1126
R1126_197,U,197,,,,,,,,,,,,,,,,R1126
R1126_198,C,198,,,,,,,,,,,,,,,,R1126
R1126_199,G,199,,,,,,,,,,,,,,,,R1126
R1126_200,G,200,,,,,,,,,,,,,,,,R1126
R1126_201,G,201,,,,,,,,,,,,,,,,R1126
R1126_202,C,202,,,,,,,,,,,,,,,,R1126
R1126_203,U,203,,,,,,,,,,,,,,,,R1126
R1126_204,C,204,,,,,,,,,,,,,,,,R1126
R1126_205,C,205,,,,,,,,,,,,,,,,R1126
R1126_206,U,206,,,,,,,,,,,,,,,,R1126
R1126_207,A,207,,,,,,,,,,,,,,,,R1126
R1126_208,G,208,,,,,,,,,,,,,,,,R1126
R1126_209,C,209,,,,,,,,,,,,,,,,R1126
R1126_210,G,210,,,,,,,,,,,,,,,,R1126
R1126_211,C,211,,,,,,,,,,,,,,,,R1126
R1126_212,U,212,,,,,,,,,,,,,,,,R1126
R1126_213,A,213,,,,,,,,,,,,,,,,R1126
R1126_214,U,214,,,,,,,,,,,,,,,,R1126
R1126_215,U,215,,,,,,,,,,,,,,,,R1126
R1126_216,A,216,,,,,,,,,,,,,,,,R1126
R1126_217,C,217,,,,,,,,,,,,,,,,R1126
R1126_218,C,218,,,,,,,,,,,,,,,,R1126
R1126_219,C,219,,,,,,,,,,,,,,,,R1126
R1126_220,C,220,,,,,,,,,,,,,,,,R1126
R1126_221,G,221,,,,,,,,,,,,,,,,R1126
R1126_222,G,222,,,,,,,,,,,,,,,,R1126
R1126_223,A,223,,,,,,,,,,,,,,,,R1126
R1126_224,C,224,,,,,,,,,,,,,,,,R1126
R1126_225,A,225,,,,,,,,,,,,,,,,R1126
R1126_226,C,226,,,,,,,,,,,,,,,,R1126
R1126_227,C,227,,,,,,,,,,,,,,,,R1126
R1126_228,A,228,,,,,,,,,,,,,,,,R1126
R1126_229,C,229,,,,,,,,,,,,,,,,R1126
R1126_230,C,230,,,,,,,,,,,,,,,,R1126
R1126_231,G,231,,,,,,,,,,,,,,,,R1126
R1126_232,G,232,,,,,,,,,,,,,,,,R1126
R1126_233,G,233,,,,,,,,,,,,,,,,R1126
R1126_234,C,234,,,,,,,,,,,,,,,,R1126
R1126_235,A,235,,,,,,,,,,,,,,,,R1126
R1126_236,G,236,,,,,,,,,,,,,,,,R1126
R1126_237,A,237,,,,,,,,,,,,,,,,R1126
R1126_238,C,238,,,,,,,,,,,,,,,,R1126
R1126_239,A,239,,,,,,,,,,,,,,,,R1126
R1126_240,A,240,,,,,,,,,,,,,,,,R1126
R1126_241,G,241,,,,,,,,,,,,,,,,R1126
R1126_242,U,242,,,,,,,,,,,,,,,,R1126
R1126_243,A,243,,,,,,,,,,,,,,,,R1126
R1126_244,A,244,,,,,,,,,,,,,,,,R1126
R1126_245,U,245,,,,,,,,,,,,,,,,R1126
R1126_246,G,246,,,,,,,,,,,,,,,,R1126
R1126_247,G,247,,,,,,,,,,,,,,,,R1126
R1126_248,U,248,,,,,,,,,,,,,,,,R1126
R1126_249,G,249,,,,,,,,,,,,,,,,R1126
R1126_250,C,250,,,,,,,,,,,,,,,,R1126
R1126_251,U,251,,,,,,,,,,,,,,,,R1126
R1126_252,C,252,,,,,,,,,,,,,,,,R1126
R1126_253,C,253,,,,,,,,,,,,,,,,R1126
R1126_254,U,254,,,,,,,,,,,,,,,,R1126
R1126_255,C,255,,,,,,,,,,,,,,,,R1126
R1126_256,G,256,,,,,,,,,,,,,,,,R1126
R1126_257,A,257,,,,,,,,,,,,,,,,R1126
R1126_258,A,258,,,,,,,,,,,,,,,,R1126
R1126_259,U,259,,,,,,,,,,,,,,,,R1126
R1126_260,G,260,,,,,,,,,,,,,,,,R1126
R1126_261,A,261,,,,,,,,,,,,,,,,R1126
R1126_262,C,262,,,,,,,,,,,,,,,,R1126
R1126_263,U,263,,,,,,,,,,,,,,,,R1126
R1126_264,U,264,,,,,,,,,,,,,,,,R1126
R1126_265,C,265,,,,,,,,,,,,,,,,R1126
R1126_266,U,266,,,,,,,,,,,,,,,,R1126
R1126_267,G,267,,,,,,,,,,,,,,,,R1126
R1126_268,U,268,,,,,,,,,,,,,,,,R1126
R1126_269,U,269,,,,,,,,,,,,,,,,R1126
R1126_270,G,270,,,,,,,,,,,,,,,,R1126
R1126_271,A,271,,,,,,,,,,,,,,,,R1126
R1126_272,G,272,,,,,,,,,,,,,,,,R1126
R1126_273,U,273,,,,,,,,,,,,,,,,R1126
R1126_274,A,274,,,,,,,,,,,,,,,,R1126
R1126_275,G,275,,,,,,,,,,,,,,,,R1126
R1126_276,A,276,,,,,,,,,,,,,,,,R1126
R1126_277,G,277,,,,,,,,,,,,,,,,R1126
R1126_278,U,278,,,,,,,,,,,,,,,,R1126
R1126_279,G,279,,,,,,,,,,,,,,,,R1126
R1126_280,U,280,,,,,,,,,,,,,,,,R1126
R1126_281,G,281,,,,,,,,,,,,,,,,R1126
R1126_282,G,282,,,,,,,,,,,,,,,,R1126
R1126_283,G,283,,,,,,,,,,,,,,,,R1126
R1126_284,C,284,,,,,,,,,,,,,,,,R1126
R1126_285,U,285,,,,,,,,,,,,,,,,R1126
R1126_286,C,286,,,,,,,,,,,,,,,,R1126
R1126_287,C,287,,,,,,,,,,,,,,,,R1126
R1126_288,G,288,,,,,,,,,,,,,,,,R1126
R1126_289,C,289,,,,,,,,,,,,,,,,R1126
R1126_290,G,290,,,,,,,,,,,,,,,,R1126
R1126_291,G,291,,,,,,,,,,,,,,,,R1126
R1126_292,C,292,,,,,,,,,,,,,,,,R1126
R1126_293,U,293,,,,,,,,,,,,,,,,R1126
R1126_294,A,294,,,,,,,,,,,,,,,,R1126
R1126_295,G,295,,,,,,,,,,,,,,,,R1126
R1126_296,U,296,,,,,,,,,,,,,,,,R1126
R1126_297,G,297,,,,,,,,,,,,,,,,R1126
R1126_298,U,298,,,,,,,,,,,,,,,,R1126
R1126_299,G,299,,,,,,,,,,,,,,,,R1126
R1126_300,C,300,,,,,,,,,,,,,,,,R1126
R1126_301,A,301,,,,,,,,,,,,,,,,R1126
R1126_302,C,302,,,,,,,,,,,,,,,,R1126
R1126_303,C,303,,,,,,,,,,,,,,,,R1126
R1126_304,U,304,,,,,,,,,,,,,,,,R1126
R1126_305,U,305,,,,,,,,,,,,,,,,R1126
R1126_306,A,306,,,,,,,,,,,,,,,,R1126
R1126_307,G,307,,,,,,,,,,,,,,,,R1126
R1126_308,C,308,,,,,,,,,,,,,,,,R1126
R1126_309,G,309,,,,,,,,,,,,,,,,R1126
R1126_310,G,310,,,,,,,,,,,,,,,,R1126
R1126_311,U,311,,,,,,,,,,,,,,,,R1126
R1126_312,G,312,,,,,,,,,,,,,,,,R1126
R1126_313,A,313,,,,,,,,,,,,,,,,R1126
R1126_314,A,314,,,,,,,,,,,,,,,,R1126
R1126_315,U,315,,,,,,,,,,,,,,,,R1126
R1126_316,G,316,,,,,,,,,,,,,,,,R1126
R1126_317,U,317,,,,,,,,,,,,,,,,R1126
R1126_318,C,318,,,,,,,,,,,,,,,,R1126
R1126_319,U,319,,,,,,,,,,,,,,,,R1126
R1126_320,G,320,,,,,,,,,,,,,,,,R1126
R1126_321,A,321,,,,,,,,,,,,,,,,R1126
R1126_322,C,322,,,,,,,,,,,,,,,,R1126
R1126_323,A,323,,,,,,,,,,,,,,,,R1126
R1126_324,C,324,,,,,,,,,,,,,,,,R1126
R1126_325,C,325,,,,,,,,,,,,,,,,R1126
R1126_326,G,326,,,,,,,,,,,,,,,,R1126
R1126_327,U,327,,,,,,,,,,,,,,,,R1126
R1126_328,U,328,,,,,,,,,,,,,,,,R1126
R1126_329,A,329,,,,,,,,,,,,,,,,R1126
R1126_330,A,330,,,,,,,,,,,,,,,,R1126
R1126_331,G,331,,,,,,,,,,,,,,,,R1126
R1126_332,G,332,,,,,,,,,,,,,,,,R1126
R1126_333,U,333,,,,,,,,,,,,,,,,R1126
R1126_334,G,334,,,,,,,,,,,,,,,,R1126
R1126_335,G,335,,,,,,,,,,,,,,,,R1126
R1126_336,U,336,,,,,,,,,,,,,,,,R1126
R1126_337,U,337,,,,,,,,,,,,,,,,R1126
R1126_338,A,338,,,,,,,,,,,,,,,,R1126
R1126_339,C,339,,,,,,,,,,,,,,,,R1126
R1126_340,U,340,,,,,,,,,,,,,,,,R1126
R1126_341,C,341,,,,,,,,,,,,,,,,R1126
R1126_342,U,342,,,,,,,,,,,,,,,,R1126
R1126_343,U,343,,,,,,,,,,,,,,,,R1126
R1126_344,C,344,,,,,,,,,,,,,,,,R1126
R1126_345,G,345,,,,,,,,,,,,,,,,R1126
R1126_346,G,346,,,,,,,,,,,,,,,,R1126
R1126_347,A,347,,,,,,,,,,,,,,,,R1126
R1126_348,G,348,,,,,,,,,,,,,,,,R1126
R1126_349,U,349,,,,,,,,,,,,,,,,R1126
R1126_350,A,350,,,,,,,,,,,,,,,,R1126
R1126_351,A,351,,,,,,,,,,,,,,,,R1126
R1126_352,C,352,,,,,,,,,,,,,,,,R1126
R1126_353,G,353,,,,,,,,,,,,,,,,R1126
R1126_354,C,354,,,,,,,,,,,,,,,,R1126
R1126_355,C,355,,,,,,,,,,,,,,,,R1126
R1126_356,G,356,,,,,,,,,,,,,,,,R1126
R1126_357,A,357,,,,,,,,,,,,,,,,R1126
R1126_358,G,358,,,,,,,,,,,,,,,,R1126
R1126_359,A,359,,,,,,,,,,,,,,,,R1126
R1126_360,U,360,,,,,,,,,,,,,,,,R1126
R1126_361,U,361,,,,,,,,,,,,,,,,R1126
R1126_362,C,362,,,,,,,,,,,,,,,,R1126
R1126_363,C,363,,,,,,,,,,,,,,,,R1126
R1116_1,C,1,,,,,,,,,,,,,,,,R1116
R1116_2,G,2,,,,,,,,,,,,,,,,R1116
R1116_3,C,3,,,,,,,,,,,,,,,,R1116
R1116_4,C,4,,,,,,,,,,,,,,,,R1116
R1116_5,C,5,,,,,,,,,,,,,,,,R1116
R1116_6,G,6,,,,,,,,,,,,,,,,R1116
R1116_7,G,7,,,,,,,,,,,,,,,,R1116
R1116_8,A,8,,,,,,,,,,,,,,,,R1116
R1116_9,U,9,,,,,,,,,,,,,,,,R1116
R1116_10,A,10,,,,,,,,,,,,,,,,R1116
R1116_11,G,11,,,,,,,,,,,,,,,,R1116
R1116_12,C,12,,,,,,,,,,,,,,,,R1116
R1116_13,U,13,,,,,,,,,,,,,,,,R1116
R1116_14,C,14,,,,,,,,,,,,,,,,R1116
R1116_15,A,15,,,,,,,,,,,,,,,,R1116
R1116_16,G,16,,,,,,,,,,,,,,,,R1116
R1116_17,U,17,,,,,,,,,,,,,,,,R1116
R1116_18,C,18,,,,,,,,,,,,,,,,R1116
R1116_19,G,19,,,,,,,,,,,,,,,,R1116
R1116_20,G,20,,,,,,,,,,,,,,,,R1116
R1116_21,U,21,,,,,,,,,,,,,,,,R1116
R1116_22,A,22,,,,,,,,,,,,,,,,R1116
R1116_23,G,23,,,,,,,,,,,,,,,,R1116
R1116_24,A,24,,,,,,,,,,,,,,,,R1116
R1116_25,G,25,,,,,,,,,,,,,,,,R1116
R1116_26,C,26,,,,,,,,,,,,,,,,R1116
R1116_27,A,27,,,,,,,,,,,,,,,,R1116
R1116_28,G,28,,,,,,,,,,,,,,,,R1116
R1116_29,C,29,,,,,,,,,,,,,,,,R1116
R1116_30,G,30,,,,,,,,,,,,,,,,R1116
R1116_31,G,31,,,,,,,,,,,,,,,,R1116
R1116_32,C,32,,,,,,,,,,,,,,,,R1116
R1116_33,U,33,,,,,,,,,,,,,,,,R1116
R1116_34,A,34,,,,,,,,,,,,,,,,R1116
R1116_35,A,35,,,,,,,,,,,,,,,,R1116
R1116_36,A,36,,,,,,,,,,,,,,,,R1116
R1116_37,A,37,,,,,,,,,,,,,,,,R1116
R1116_38,C,38,,,,,,,,,,,,,,,,R1116
R1116_39,A,39,,,,,,,,,,,,,,,,R1116
R1116_40,G,40,,,,,,,,,,,,,,,,R1116
R1116_41,C,41,,,,,,,,,,,,,,,,R1116
R1116_42,U,42,,,,,,,,,,,,,,,,R1116
R1116_43,C,43,,,,,,,,,,,,,,,,R1116
R1116_44,U,44,,,,,,,,,,,,,,,,R1116
R1116_45,G,45,,,,,,,,,,,,,,,,R1116
R1116_46,G,46,,,,,,,,,,,,,,,,R1116
R1116_47,G,47,,,,,,,,,,,,,,,,R1116
R1116_48,G,48,,,,,,,,,,,,,,,,R1116
R1116_49,U,49,,,,,,,,,,,,,,,,R1116
R1116_50,U,50,,,,,,,,,,,,,,,,R1116
R1116_51,G,51,,,,,,,,,,,,,,,,R1116
R1116_52,U,52,,,,,,,,,,,,,,,,R1116
R1116_53,A,53,,,,,,,,,,,,,,,,R1116
R1116_54,C,54,,,,,,,,,,,,,,,,R1116
R1116_55,C,55,,,,,,,,,,,,,,,,R1116
R1116_56,C,56,,,,,,,,,,,,,,,,R1116
R1116_57,A,57,,,,,,,,,,,,,,,,R1116
R1116_58,C,58,,,,,,,,,,,,,,,,R1116
R1116_59,C,59,,,,,,,,,,,,,,,,R1116
R1116_60,C,60,,,,,,,,,,,,,,,,R1116
R1116_61,C,61,,,,,,,,,,,,,,,,R1116
R1116_62,A,62,,,,,,,,,,,,,,,,R1116
R1116_63,G,63,,,,,,,,,,,,,,,,R1116
R1116_64,A,64,,,,,,,,,,,,,,,,R1116
R1116_65,G,65,,,,,,,,,,,,,,,,R1116
R1116_66,G,66,,,,,,,,,,,,,,,,R1116
R1116_67,C,67,,,,,,,,,,,,,,,,R1116
R1116_68,C,68,,,,,,,,,,,,,,,,R1116
R1116_69,C,69,,,,,,,,,,,,,,,,R1116
R1116_70,A,70,,,,,,,,,,,,,,,,R1116
R1116_71,C,71,,,,,,,,,,,,,,,,R1116
R1116_72,G,72,,,,,,,,,,,,,,,,R1116
R1116_73,U,73,,,,,,,,,,,,,,,,R1116
R1116_74,G,74,,,,,,,,,,,,,,,,R1116
R1116_75,G,75,,,,,,,,,,,,,,,,R1116
R1116_76,C,76,,,,,,,,,,,,,,,,R1116
R1116_77,G,77,,,,,,,,,,,,,,,,R1116
R1116_78,G,78,,,,,,,,,,,,,,,,R1116
R1116_79,C,79,,,,,,,,,,,,,,,,R1116
R1116_80,U,80,,,,,,,,,,,,,,,,R1116
R1116_81,A,81,,,,,,,,,,,,,,,,R1116
R1116_82,G,82,,,,,,,,,,,,,,,,R1116
R1116_83,U,83,,,,,,,,,,,,,,,,R1116
R1116_84,A,84,,,,,,,,,,,,,,,,R1116
R1116_85,C,85,,,,,,,,,,,,,,,,R1116
R1116_86,U,86,,,,,,,,,,,,,,,,R1116
R1116_87,C,87,,,,,,,,,,,,,,,,R1116
R1116_88,C,88,,,,,,,,,,,,,,,,R1116
R1116_89,G,89,,,,,,,,,,,,,,,,R1116
R1116_90,G,90,,,,,,,,,,,,,,,,R1116
R1116_91,U,91,,,,,,,,,,,,,,,,R1116
R1116_92,A,92,,,,,,,,,,,,,,,,R1116
R1116_93,U,93,,,,,,,,,,,,,,,,R1116
R1116_94,U,94,,,,,,,,,,,,,,,,R1116
R1116_95,G,95,,,,,,,,,,,,,,,,R1116
R1116_96,C,96,,,,,,,,,,,,,,,,R1116
R1116_97,G,97,,,,,,,,,,,,,,,,R1116
R1116_98,G,98,,,,,,,,,,,,,,,,R1116
R1116_99,U,99,,,,,,,,,,,,,,,,R1116
R1116_100,A,100,,,,,,,,,,,,,,,,R1116
R1116_101,C,101,,,,,,,,,,,,,,,,R1116
R1116_102,C,102,,,,,,,,,,,,,,,,R1116
R1116_103,C,103,,,,,,,,,,,,,,,,R1116
R1116_104,U,104,,,,,,,,,,,,,,,,R1116
R1116_105,U,105,,,,,,,,,,,,,,,,R1116
R1116_106,G,106,,,,,,,,,,,,,,,,R1116
R1116_107,U,107,,,,,,,,,,,,,,,,R1116
R1116_108,A,108,,,,,,,,,,,,,,,,R1116
R1116_109,C,109,,,,,,,,,,,,,,,,R1116
R1116_110,G,110,,,,,,,,,,,,,,,,R1116
R1116_111,C,111,,,,,,,,,,,,,,,,R1116
R1116_112,C,112,,,,,,,,,,,,,,,,R1116
R1116_113,U,113,,,,,,,,,,,,,,,,R1116
R1116_114,G,114,,,,,,,,,,,,,,,,R1116
R1116_115,U,115,,,,,,,,,,,,,,,,R1116
R1116_116,U,116,,,,,,,,,,,,,,,,R1116
R1116_117,U,117,,,,,,,,,,,,,,,,R1116
R1116_118,U,118,,,,,,,,,,,,,,,,R1116
R1116_119,A,119,,,,,,,,,,,,,,,,R1116
R1116_120,G,120,,,,,,,,,,,,,,,,R1116
R1116_121,C,121,,,,,,,,,,,,,,,,R1116
R1116_122,C,122,,,,,,,,,,,,,,,,R1116
R1116_123,G,123,,,,,,,,,,,,,,,,R1116
R1116_124,C,124,,,,,,,,,,,,,,,,R1116
R1116_125,G,125,,,,,,,,,,,,,,,,R1116
R1116_126,G,126,,,,,,,,,,,,,,,,R1116
R1116_127,G,127,,,,,,,,,,,,,,,,R1116
R1116_128,U,128,,,,,,,,,,,,,,,,R1116
R1116_129,C,129,,,,,,,,,,,,,,,,R1116
R1116_130,C,130,,,,,,,,,,,,,,,,R1116
R1116_131,A,131,,,,,,,,,,,,,,,,R1116
R1116_132,G,132,,,,,,,,,,,,,,,,R1116
R1116_133,G,133,,,,,,,,,,,,,,,,R1116
R1116_134,G,134,,,,,,,,,,,,,,,,R1116
R1116_135,U,135,,,,,,,,,,,,,,,,R1116
R1116_136,U,136,,,,,,,,,,,,,,,,R1116
R1116_137,C,137,,,,,,,,,,,,,,,,R1116
R1116_138,A,138,,,,,,,,,,,,,,,,R1116
R1116_139,A,139,,,,,,,,,,,,,,,,R1116
R1116_140,G,140,,,,,,,,,,,,,,,,R1116
R1116_141,U,141,,,,,,,,,,,,,,,,R1116
R1116_142,C,142,,,,,,,,,,,,,,,,R1116
R1116_143,C,143,,,,,,,,,,,,,,,,R1116
R1116_144,C,144,,,,,,,,,,,,,,,,R1116
R1116_145,U,145,,,,,,,,,,,,,,,,R1116
R1116_146,G,146,,,,,,,,,,,,,,,,R1116
R1116_147,U,147,,,,,,,,,,,,,,,,R1116
R1116_148,U,148,,,,,,,,,,,,,,,,R1116
R1116_149,C,149,,,,,,,,,,,,,,,,R1116
R1116_150,G,150,,,,,,,,,,,,,,,,R1116
R1116_151,G,151,,,,,,,,,,,,,,,,R1116
R1116_152,G,152,,,,,,,,,,,,,,,,R1116
R1116_153,C,153,,,,,,,,,,,,,,,,R1116
R1116_154,G,154,,,,,,,,,,,,,,,,R1116
R1116_155,C,155,,,,,,,,,,,,,,,,R1116
R1116_156,C,156,,,,,,,,,,,,,,,,R1116
R1116_157,A,157,,,,,,,,,,,,,,,,R1116
R1138_1,G,1,,,,,,,,,,,,,,,,R1138
R1138_2,G,2,,,,,,,,,,,,,,,,R1138
R1138_3,G,3,,,,,,,,,,,,,,,,R1138
R1138_4,A,4,,,,,,,,,,,,,,,,R1138
R1138_5,G,5,,,,,,,,,,,,,,,,R1138
R1138_6,A,6,,,,,,,,,,,,,,,,R1138
R1138_7,G,7,,,,,,,,,,,,,,,,R1138
R1138_8,U,8,,,,,,,,,,,,,,,,R1138
R1138_9,A,9,,,,,,,,,,,,,,,,R1138
R1138_10,C,10,,,,,,,,,,,,,,,,R1138
R1138_11,U,11,,,,,,,,,,,,,,,,R1138
R1138_12,A,12,,,,,,,,,,,,,,,,R1138
R1138_13,U,13,,,,,,,,,,,,,,,,R1138
R1138_14,U,14,,,,,,,,,,,,,,,,R1138
R1138_15,C,15,,,,,,,,,,,,,,,,R1138
R1138_16,A,16,,,,,,,,,,,,,,,,R1138
R1138_17,G,17,,,,,,,,,,,,,,,,R1138
R1138_18,A,18,,,,,,,,,,,,,,,,R1138
R1138_19,U,19,,,,,,,,,,,,,,,,R1138
R1138_20,G,20,,,,,,,,,,,,,,,,R1138
R1138_21,C,21,,,,,,,,,,,,,,,,R1138
R1138_22,A,22,,,,,,,,,,,,,,,,R1138
R1138_23,G,23,,,,,,,,,,,,,,,,R1138
R1138_24,A,24,,,,,,,,,,,,,,,,R1138
R1138_25,C,25,,,,,,,,,,,,,,,,R1138
R1138_26,C,26,,,,,,,,,,,,,,,,R1138
R1138_27,G,27,,,,,,,,,,,,,,,,R1138
R1138_28,C,28,,,,,,,,,,,,,,,,R1138
R1138_29,A,29,,,,,,,,,,,,,,,,R1138
R1138_30,A,30,,,,,,,,,,,,,,,,R1138
R1138_31,G,31,,,,,,,,,,,,,,,,R1138
R1138_32,U,32,,,,,,,,,,,,,,,,R1138
R1138_33,U,33,,,,,,,,,,,,,,,,R1138
R1138_34,C,34,,,,,,,,,,,,,,,,R1138
R1138_35,A,35,,,,,,,,,,,,,,,,R1138
R1138_36,G,36,,,,,,,,,,,,,,,,R1138
R1138_37,A,37,,,,,,,,,,,,,,,,R1138
R1138_38,G,38,,,,,,,,,,,,,,,,R1138
R1138_39,C,39,,,,,,,,,,,,,,,,R1138
R1138_40,G,40,,,,,,,,,,,,,,,,R1138
R1138_41,G,41,,,,,,,,,,,,,,,,R1138
R1138_42,U,42,,,,,,,,,,,,,,,,R1138
R1138_43,U,43,,,,,,,,,,,,,,,,R1138
R1138_44,U,44,,,,,,,,,,,,,,,,R1138
R1138_45,G,45,,,,,,,,,,,,,,,,R1138
R1138_46,C,46,,,,,,,,,,,,,,,,R1138
R1138_47,A,47,,,,,,,,,,,,,,,,R1138
R1138_48,U,48,,,,,,,,,,,,,,,,R1138
R1138_49,C,49,,,,,,,,,,,,,,,,R1138
R1138_50,U,50,,,,,,,,,,,,,,,,R1138
R1138_51,A,51,,,,,,,,,,,,,,,,R1138
R1138_52,G,52,,,,,,,,,,,,,,,,R1138
R1138_53,G,53,,,,,,,,,,,,,,,,R1138
R1138_54,G,54,,,,,,,,,,,,,,,,R1138
R1138_55,U,55,,,,,,,,,,,,,,,,R1138
R1138_56,A,56,,,,,,,,,,,,,,,,R1138
R1138_57,C,57,,,,,,,,,,,,,,,,R1138
R1138_58,G,58,,,,,,,,,,,,,,,,R1138
R1138_59,U,59,,,,,,,,,,,,,,,,R1138
R1138_60,U,60,,,,,,,,,,,,,,,,R1138
R1138_61,U,61,,,,,,,,,,,,,,,,R1138
R1138_62,U,62,,,,,,,,,,,,,,,,R1138
R1138_63,C,63,,,,,,,,,,,,,,,,R1138
R1138_64,G,64,,,,,,,,,,,,,,,,R1138
R1138_65,A,65,,,,,,,,,,,,,,,,R1138
R1138_66,A,66,,,,,,,,,,,,,,,,R1138
R1138_67,C,67,,,,,,,,,,,,,,,,R1138
R1138_68,G,68,,,,,,,,,,,,,,,,R1138
R1138_69,U,69,,,,,,,,,,,,,,,,R1138
R1138_70,A,70,,,,,,,,,,,,,,,,R1138
R1138_71,U,71,,,,,,,,,,,,,,,,R1138
R1138_72,C,72,,,,,,,,,,,,,,,,R1138
R1138_73,C,73,,,,,,,,,,,,,,,,R1138
R1138_74,U,74,,,,,,,,,,,,,,,,R1138
R1138_75,C,75,,,,,,,,,,,,,,,,R1138
R1138_76,C,76,,,,,,,,,,,,,,,,R1138
R1138_77,G,77,,,,,,,,,,,,,,,,R1138
R1138_78,A,78,,,,,,,,,,,,,,,,R1138
R1138_79,C,79,,,,,,,,,,,,,,,,R1138
R1138_80,U,80,,,,,,,,,,,,,,,,R1138
R1138_81,A,81,,,,,,,,,,,,,,,,R1138
R1138_82,A,82,,,,,,,,,,,,,,,,R1138
R1138_83,G,83,,,,,,,,,,,,,,,,R1138
R1138_84,U,84,,,,,,,,,,,,,,,,R1138
R1138_85,G,85,,,,,,,,,,,,,,,,R1138
R1138_86,U,86,,,,,,,,,,,,,,,,R1138
R1138_87,A,87,,,,,,,,,,,,,,,,R1138
R1138_88,U,88,,,,,,,,,,,,,,,,R1138
R1138_89,U,89,,,,,,,,,,,,,,,,R1138
R1138_90,C,90,,,,,,,,,,,,,,,,R1138
R1138_91,G,91,,,,,,,,,,,,,,,,R1138
R1138_92,U,92,,,,,,,,,,,,,,,,R1138
R1138_93,A,93,,,,,,,,,,,,,,,,R1138
R1138_94,U,94,,,,,,,,,,,,,,,,R1138
R1138_95,A,95,,,,,,,,,,,,,,,,R1138
R1138_96,C,96,,,,,,,,,,,,,,,,R1138
R1138_97,U,97,,,,,,,,,,,,,,,,R1138
R1138_98,U,98,,,,,,,,,,,,,,,,R1138
R1138_99,A,99,,,,,,,,,,,,,,,,R1138
R1138_100,G,100,,,,,,,,,,,,,,,,R1138
R1138_101,U,101,,,,,,,,,,,,,,,,R1138
R1138_102,G,102,,,,,,,,,,,,,,,,R1138
R1138_103,C,103,,,,,,,,,,,,,,,,R1138
R1138_104,C,104,,,,,,,,,,,,,,,,R1138
R1138_105,U,105,,,,,,,,,,,,,,,,R1138
R1138_106,U,106,,,,,,,,,,,,,,,,R1138
R1138_107,G,107,,,,,,,,,,,,,,,,R1138
R1138_108,U,108,,,,,,,,,,,,,,,,R1138
R1138_109,G,109,,,,,,,,,,,,,,,,R1138
R1138_110,C,110,,,,,,,,,,,,,,,,R1138
R1138_111,C,111,,,,,,,,,,,,,,,,R1138
R1138_112,U,112,,,,,,,,,,,,,,,,R1138
R1138_113,G,113,,,,,,,,,,,,,,,,R1138
R1138_114,C,114,,,,,,,,,,,,,,,,R1138
R1138_115,U,115,,,,,,,,,,,,,,,,R1138
R1138_116,U,116,,,,,,,,,,,,,,,,R1138
R1138_117,C,117,,,,,,,,,,,,,,,,R1138
R1138_118,G,118,,,,,,,,,,,,,,,,R1138
R1138_119,G,119,,,,,,,,,,,,,,,,R1138
R1138_120,C,120,,,,,,,,,,,,,,,,R1138
R1138_121,A,121,,,,,,,,,,,,,,,,R1138
R1138_122,G,122,,,,,,,,,,,,,,,,R1138
R1138_123,G,123,,,,,,,,,,,,,,,,R1138
R1138_124,C,124,,,,,,,,,,,,,,,,R1138
R1138_125,A,125,,,,,,,,,,,,,,,,R1138
R1138_126,U,126,,,,,,,,,,,,,,,,R1138
R1138_127,G,127,,,,,,,,,,,,,,,,R1138
R1138_128,A,128,,,,,,,,,,,,,,,,R1138
R1138_129,C,129,,,,,,,,,,,,,,,,R1138
R1138_130,C,130,,,,,,,,,,,,,,,,R1138
R1138_131,C,131,,,,,,,,,,,,,,,,R1138
R1138_132,A,132,,,,,,,,,,,,,,,,R1138
R1138_133,A,133,,,,,,,,,,,,,,,,R1138
R1138_134,A,134,,,,,,,,,,,,,,,,R1138
R1138_135,U,135,,,,,,,,,,,,,,,,R1138
R1138_136,G,136,,,,,,,,,,,,,,,,R1138
R1138_137,U,137,,,,,,,,,,,,,,,,R1138
R1138_138,G,138,,,,,,,,,,,,,,,,R1138
R1138_139,C,139,,,,,,,,,,,,,,,,R1138
R1138_140,C,140,,,,,,,,,,,,,,,,R1138
R1138_141,U,141,,,,,,,,,,,,,,,,R1138
R1138_142,U,142,,,,,,,,,,,,,,,,R1138
R1138_143,U,143,,,,,,,,,,,,,,,,R1138
R1138_144,C,144,,,,,,,,,,,,,,,,R1138
R1138_145,G,145,,,,,,,,,,,,,,,,R1138
R1138_146,G,146,,,,,,,,,,,,,,,,R1138
R1138_147,G,147,,,,,,,,,,,,,,,,R1138
R1138_148,G,148,,,,,,,,,,,,,,,,R1138
R1138_149,C,149,,,,,,,,,,,,,,,,R1138
R1138_150,A,150,,,,,,,,,,,,,,,,R1138
R1138_151,C,151,,,,,,,,,,,,,,,,R1138
R1138_152,A,152,,,,,,,,,,,,,,,,R1138
R1138_153,U,153,,,,,,,,,,,,,,,,R1138
R1138_154,U,154,,,,,,,,,,,,,,,,R1138
R1138_155,U,155,,,,,,,,,,,,,,,,R1138
R1138_156,C,156,,,,,,,,,,,,,,,,R1138
R1138_157,C,157,,,,,,,,,,,,,,,,R1138
R1138_158,G,158,,,,,,,,,,,,,,,,R1138
R1138_159,G,159,,,,,,,,,,,,,,,,R1138
R1138_160,U,160,,,,,,,,,,,,,,,,R1138
R1138_161,C,161,,,,,,,,,,,,,,,,R1138
R1138_162,A,162,,,,,,,,,,,,,,,,R1138
R1138_163,U,163,,,,,,,,,,,,,,,,R1138
R1138_164,C,164,,,,,,,,,,,,,,,,R1138
R1138_165,C,165,,,,,,,,,,,,,,,,R1138
R1138_166,A,166,,,,,,,,,,,,,,,,R1138
R1138_167,A,167,,,,,,,,,,,,,,,,R1138
R1138_168,G,168,,,,,,,,,,,,,,,,R1138
R1138_169,U,169,,,,,,,,,,,,,,,,R1138
R1138_170,U,170,,,,,,,,,,,,,,,,R1138
R1138_171,C,171,,,,,,,,,,,,,,,,R1138
R1138_172,G,172,,,,,,,,,,,,,,,,R1138
R1138_173,C,173,,,,,,,,,,,,,,,,R1138
R1138_174,U,174,,,,,,,,,,,,,,,,R1138
R1138_175,U,175,,,,,,,,,,,,,,,,R1138
R1138_176,G,176,,,,,,,,,,,,,,,,R1138
R1138_177,G,177,,,,,,,,,,,,,,,,R1138
R1138_178,G,178,,,,,,,,,,,,,,,,R1138
R1138_179,U,179,,,,,,,,,,,,,,,,R1138
R1138_180,G,180,,,,,,,,,,,,,,,,R1138
R1138_181,A,181,,,,,,,,,,,,,,,,R1138
R1138_182,U,182,,,,,,,,,,,,,,,,R1138
R1138_183,G,183,,,,,,,,,,,,,,,,R1138
R1138_184,C,184,,,,,,,,,,,,,,,,R1138
R1138_185,G,185,,,,,,,,,,,,,,,,R1138
R1138_186,G,186,,,,,,,,,,,,,,,,R1138
R1138_187,G,187,,,,,,,,,,,,,,,,R1138
R1138_188,C,188,,,,,,,,,,,,,,,,R1138
R1138_189,G,189,,,,,,,,,,,,,,,,R1138
R1138_190,U,190,,,,,,,,,,,,,,,,R1138
R1138_191,A,191,,,,,,,,,,,,,,,,R1138
R1138_192,U,192,,,,,,,,,,,,,,,,R1138
R1138_193,A,193,,,,,,,,,,,,,,,,R1138
R1138_194,G,194,,,,,,,,,,,,,,,,R1138
R1138_195,G,195,,,,,,,,,,,,,,,,R1138
R1138_196,U,196,,,,,,,,,,,,,,,,R1138
R1138_197,U,197,,,,,,,,,,,,,,,,R1138
R1138_198,C,198,,,,,,,,,,,,,,,,R1138
R1138_199,G,199,,,,,,,,,,,,,,,,R1138
R1138_200,U,200,,,,,,,,,,,,,,,,R1138
R1138_201,C,201,,,,,,,,,,,,,,,,R1138
R1138_202,U,202,,,,,,,,,,,,,,,,R1138
R1138_203,A,203,,,,,,,,,,,,,,,,R1138
R1138_204,U,204,,,,,,,,,,,,,,,,R1138
R1138_205,A,205,,,,,,,,,,,,,,,,R1138
R1138_206,C,206,,,,,,,,,,,,,,,,R1138
R1138_207,G,207,,,,,,,,,,,,,,,,R1138
R1138_208,U,208,,,,,,,,,,,,,,,,R1138
R1138_209,C,209,,,,,,,,,,,,,,,,R1138
R1138_210,C,210,,,,,,,,,,,,,,,,R1138
R1138_211,G,211,,,,,,,,,,,,,,,,R1138
R1138_212,C,212,,,,,,,,,,,,,,,,R1138
R1138_213,G,213,,,,,,,,,,,,,,,,R1138
R1138_214,U,214,,,,,,,,,,,,,,,,R1138
R1138_215,U,215,,,,,,,,,,,,,,,,R1138
R1138_216,U,216,,,,,,,,,,,,,,,,R1138
R1138_217,U,217,,,,,,,,,,,,,,,,R1138
R1138_218,C,218,,,,,,,,,,,,,,,,R1138
R1138_219,C,219,,,,,,,,,,,,,,,,R1138
R1138_220,G,220,,,,,,,,,,,,,,,,R1138
R1138_221,A,221,,,,,,,,,,,,,,,,R1138
R1138_222,G,222,,,,,,,,,,,,,,,,R1138
R1138_223,A,223,,,,,,,,,,,,,,,,R1138
R1138_224,A,224,,,,,,,,,,,,,,,,R1138
R1138_225,G,225,,,,,,,,,,,,,,,,R1138
R1138_226,A,226,,,,,,,,,,,,,,,,R1138
R1138_227,G,227,,,,,,,,,,,,,,,,R1138
R1138_228,G,228,,,,,,,,,,,,,,,,R1138
R1138_229,U,229,,,,,,,,,,,,,,,,R1138
R1138_230,A,230,,,,,,,,,,,,,,,,R1138
R1138_231,A,231,,,,,,,,,,,,,,,,R1138
R1138_232,C,232,,,,,,,,,,,,,,,,R1138
R1138_233,U,233,,,,,,,,,,,,,,,,R1138
R1138_234,C,234,,,,,,,,,,,,,,,,R1138
R1138_235,G,235,,,,,,,,,,,,,,,,R1138
R1138_236,G,236,,,,,,,,,,,,,,,,R1138
R1138_237,G,237,,,,,,,,,,,,,,,,R1138
R1138_238,A,238,,,,,,,,,,,,,,,,R1138
R1138_239,A,239,,,,,,,,,,,,,,,,R1138
R1138_240,A,240,,,,,,,,,,,,,,,,R1138
R1138_241,C,241,,,,,,,,,,,,,,,,R1138
R1138_242,C,242,,,,,,,,,,,,,,,,R1138
R1138_243,G,243,,,,,,,,,,,,,,,,R1138
R1138_244,G,244,,,,,,,,,,,,,,,,R1138
R1138_245,U,245,,,,,,,,,,,,,,,,R1138
R1138_246,C,246,,,,,,,,,,,,,,,,R1138
R1138_247,C,247,,,,,,,,,,,,,,,,R1138
R1138_248,A,248,,,,,,,,,,,,,,,,R1138
R1138_249,C,249,,,,,,,,,,,,,,,,R1138
R1138_250,G,250,,,,,,,,,,,,,,,,R1138
R1138_251,U,251,,,,,,,,,,,,,,,,R1138
R1138_252,G,252,,,,,,,,,,,,,,,,R1138
R1138_253,A,253,,,,,,,,,,,,,,,,R1138
R1138_254,C,254,,,,,,,,,,,,,,,,R1138
R1138_255,A,255,,,,,,,,,,,,,,,,R1138
R1138_256,A,256,,,,,,,,,,,,,,,,R1138
R1138_257,A,257,,,,,,,,,,,,,,,,R1138
R1138_258,G,258,,,,,,,,,,,,,,,,R1138
R1138_259,G,259,,,,,,,,,,,,,,,,R1138
R1138_260,U,260,,,,,,,,,,,,,,,,R1138
R1138_261,A,261,,,,,,,,,,,,,,,,R1138
R1138_262,G,262,,,,,,,,,,,,,,,,R1138
R1138_263,A,263,,,,,,,,,,,,,,,,R1138
R1138_264,G,264,,,,,,,,,,,,,,,,R1138
R1138_265,U,265,,,,,,,,,,,,,,,,R1138
R1138_266,U,266,,,,,,,,,,,,,,,,R1138
R1138_267,A,267,,,,,,,,,,,,,,,,R1138
R1138_268,C,268,,,,,,,,,,,,,,,,R1138
R1138_269,G,269,,,,,,,,,,,,,,,,R1138
R1138_270,U,270,,,,,,,,,,,,,,,,R1138
R1138_271,G,271,,,,,,,,,,,,,,,,R1138
R1138_272,G,272,,,,,,,,,,,,,,,,R1138
R1138_273,A,273,,,,,,,,,,,,,,,,R1138
R1138_274,G,274,,,,,,,,,,,,,,,,R1138
R1138_275,G,275,,,,,,,,,,,,,,,,R1138
R1138_276,G,276,,,,,,,,,,,,,,,,R1138
R1138_277,A,277,,,,,,,,,,,,,,,,R1138
R1138_278,G,278,,,,,,,,,,,,,,,,R1138
R1138_279,C,279,,,,,,,,,,,,,,,,R1138
R1138_280,A,280,,,,,,,,,,,,,,,,R1138
R1138_281,G,281,,,,,,,,,,,,,,,,R1138
R1138_282,C,282,,,,,,,,,,,,,,,,R1138
R1138_283,U,283,,,,,,,,,,,,,,,,R1138
R1138_284,G,284,,,,,,,,,,,,,,,,R1138
R1138_285,C,285,,,,,,,,,,,,,,,,R1138
R1138_286,A,286,,,,,,,,,,,,,,,,R1138
R1138_287,A,287,,,,,,,,,,,,,,,,R1138
R1138_288,A,288,,,,,,,,,,,,,,,,R1138
R1138_289,G,289,,,,,,,,,,,,,,,,R1138
R1138_290,G,290,,,,,,,,,,,,,,,,R1138
R1138_291,G,291,,,,,,,,,,,,,,,,R1138
R1138_292,A,292,,,,,,,,,,,,,,,,R1138
R1138_293,U,293,,,,,,,,,,,,,,,,R1138
R1138_294,A,294,,,,,,,,,,,,,,,,R1138
R1138_295,A,295,,,,,,,,,,,,,,,,R1138
R1138_296,U,296,,,,,,,,,,,,,,,,R1138
R1138_297,G,297,,,,,,,,,,,,,,,,R1138
R1138_298,C,298,,,,,,,,,,,,,,,,R1138
R1138_299,A,299,,,,,,,,,,,,,,,,R1138
R1138_300,G,300,,,,,,,,,,,,,,,,R1138
R1138_301,U,301,,,,,,,,,,,,,,,,R1138
R1138_302,U,302,,,,,,,,,,,,,,,,R1138
R1138_303,G,303,,,,,,,,,,,,,,,,R1138
R1138_304,C,304,,,,,,,,,,,,,,,,R1138
R1138_305,U,305,,,,,,,,,,,,,,,,R1138
R1138_306,G,306,,,,,,,,,,,,,,,,R1138
R1138_307,G,307,,,,,,,,,,,,,,,,R1138
R1138_308,C,308,,,,,,,,,,,,,,,,R1138
R1138_309,U,309,,,,,,,,,,,,,,,,R1138
R1138_310,G,310,,,,,,,,,,,,,,,,R1138
R1138_311,G,311,,,,,,,,,,,,,,,,R1138
R1138_312,A,312,,,,,,,,,,,,,,,,R1138
R1138_313,U,313,,,,,,,,,,,,,,,,R1138
R1138_314,G,314,,,,,,,,,,,,,,,,R1138
R1138_315,C,315,,,,,,,,,,,,,,,,R1138
R1138_316,C,316,,,,,,,,,,,,,,,,R1138
R1138_317,A,317,,,,,,,,,,,,,,,,R1138
R1138_318,G,318,,,,,,,,,,,,,,,,R1138
R1138_319,A,319,,,,,,,,,,,,,,,,R1138
R1138_320,A,320,,,,,,,,,,,,,,,,R1138
R1138_321,C,321,,,,,,,,,,,,,,,,R1138
R1138_322,U,322,,,,,,,,,,,,,,,,R1138
R1138_323,C,323,,,,,,,,,,,,,,,,R1138
R1138_324,A,324,,,,,,,,,,,,,,,,R1138
R1138_325,C,325,,,,,,,,,,,,,,,,R1138
R1138_326,G,326,,,,,,,,,,,,,,,,R1138
R1138_327,A,327,,,,,,,,,,,,,,,,R1138
R1138_328,C,328,,,,,,,,,,,,,,,,R1138
R1138_329,U,329,,,,,,,,,,,,,,,,R1138
R1138_330,G,330,,,,,,,,,,,,,,,,R1138
R1138_331,G,331,,,,,,,,,,,,,,,,R1138
R1138_332,C,332,,,,,,,,,,,,,,,,R1138
R1138_333,A,333,,,,,,,,,,,,,,,,R1138
R1138_334,U,334,,,,,,,,,,,,,,,,R1138
R1138_335,C,335,,,,,,,,,,,,,,,,R1138
R1138_336,U,336,,,,,,,,,,,,,,,,R1138
R1138_337,A,337,,,,,,,,,,,,,,,,R1138
R1138_338,C,338,,,,,,,,,,,,,,,,R1138
R1138_339,G,339,,,,,,,,,,,,,,,,R1138
R1138_340,G,340,,,,,,,,,,,,,,,,R1138
R1138_341,G,341,,,,,,,,,,,,,,,,R1138
R1138_342,G,342,,,,,,,,,,,,,,,,R1138
R1138_343,A,343,,,,,,,,,,,,,,,,R1138
R1138_344,U,344,,,,,,,,,,,,,,,,R1138
R1138_345,G,345,,,,,,,,,,,,,,,,R1138
R1138_346,G,346,,,,,,,,,,,,,,,,R1138
R1138_347,U,347,,,,,,,,,,,,,,,,R1138
R1138_348,G,348,,,,,,,,,,,,,,,,R1138
R1138_349,C,349,,,,,,,,,,,,,,,,R1138
R1138_350,U,350,,,,,,,,,,,,,,,,R1138
R1138_351,C,351,,,,,,,,,,,,,,,,R1138
R1138_352,U,352,,,,,,,,,,,,,,,,R1138
R1138_353,C,353,,,,,,,,,,,,,,,,R1138
R1138_354,C,354,,,,,,,,,,,,,,,,R1138
R1138_355,C,355,,,,,,,,,,,,,,,,R1138
R1138_356,A,356,,,,,,,,,,,,,,,,R1138
R1138_357,A,357,,,,,,,,,,,,,,,,R1138
R1138_358,U,358,,,,,,,,,,,,,,,,R1138
R1138_359,U,359,,,,,,,,,,,,,,,,R1138
R1138_360,C,360,,,,,,,,,,,,,,,,R1138
R1138_361,U,361,,,,,,,,,,,,,,,,R1138
R1138_362,C,362,,,,,,,,,,,,,,,,R1138
R1138_363,C,363,,,,,,,,,,,,,,,,R1138
R1138_364,A,364,,,,,,,,,,,,,,,,R1138
R1138_365,U,365,,,,,,,,,,,,,,,,R1138
R1138_366,U,366,,,,,,,,,,,,,,,,R1138
R1138_367,U,367,,,,,,,,,,,,,,,,R1138
R1138_368,A,368,,,,,,,,,,,,,,,,R1138
R1138_369,C,369,,,,,,,,,,,,,,,,R1138
R1138_370,C,370,,,,,,,,,,,,,,,,R1138
R1138_371,G,371,,,,,,,,,,,,,,,,R1138
R1138_372,C,372,,,,,,,,,,,,,,,,R1138
R1138_373,C,373,,,,,,,,,,,,,,,,R1138
R1138_374,G,374,,,,,,,,,,,,,,,,R1138
R1138_375,A,375,,,,,,,,,,,,,,,,R1138
R1138_376,A,376,,,,,,,,,,,,,,,,R1138
R1138_377,U,377,,,,,,,,,,,,,,,,R1138
R1138_378,C,378,,,,,,,,,,,,,,,,R1138
R1138_379,G,379,,,,,,,,,,,,,,,,R1138
R1138_380,A,380,,,,,,,,,,,,,,,,R1138
R1138_381,C,381,,,,,,,,,,,,,,,,R1138
R1138_382,C,382,,,,,,,,,,,,,,,,R1138
R1138_383,C,383,,,,,,,,,,,,,,,,R1138
R1138_384,C,384,,,,,,,,,,,,,,,,R1138
R1138_385,A,385,,,,,,,,,,,,,,,,R1138
R1138_386,A,386,,,,,,,,,,,,,,,,R1138
R1138_387,C,387,,,,,,,,,,,,,,,,R1138
R1138_388,G,388,,,,,,,,,,,,,,,,R1138
R1138_389,U,389,,,,,,,,,,,,,,,,R1138
R1138_390,G,390,,,,,,,,,,,,,,,,R1138
R1138_391,A,391,,,,,,,,,,,,,,,,R1138
R1138_392,G,392,,,,,,,,,,,,,,,,R1138
R1138_393,A,393,,,,,,,,,,,,,,,,R1138
R1138_394,G,394,,,,,,,,,,,,,,,,R1138
R1138_395,G,395,,,,,,,,,,,,,,,,R1138
R1138_396,G,396,,,,,,,,,,,,,,,,R1138
R1138_397,G,397,,,,,,,,,,,,,,,,R1138
R1138_398,U,398,,,,,,,,,,,,,,,,R1138
R1138_399,C,399,,,,,,,,,,,,,,,,R1138
R1138_400,G,400,,,,,,,,,,,,,,,,R1138
R1138_401,G,401,,,,,,,,,,,,,,,,R1138
R1138_402,U,402,,,,,,,,,,,,,,,,R1138
R1138_403,U,403,,,,,,,,,,,,,,,,R1138
R1138_404,C,404,,,,,,,,,,,,,,,,R1138
R1138_405,C,405,,,,,,,,,,,,,,,,R1138
R1138_406,C,406,,,,,,,,,,,,,,,,R1138
R1138_407,C,407,,,,,,,,,,,,,,,,R1138
R1138_408,G,408,,,,,,,,,,,,,,,,R1138
R1138_409,A,409,,,,,,,,,,,,,,,,R1138
R1138_410,G,410,,,,,,,,,,,,,,,,R1138
R1138_411,C,411,,,,,,,,,,,,,,,,R1138
R1138_412,A,412,,,,,,,,,,,,,,,,R1138
R1138_413,U,413,,,,,,,,,,,,,,,,R1138
R1138_414,A,414,,,,,,,,,,,,,,,,R1138
R1138_415,G,415,,,,,,,,,,,,,,,,R1138
R1138_416,A,416,,,,,,,,,,,,,,,,R1138
R1138_417,C,417,,,,,,,,,,,,,,,,R1138
R1138_418,C,418,,,,,,,,,,,,,,,,R1138
R1138_419,A,419,,,,,,,,,,,,,,,,R1138
R1138_420,A,420,,,,,,,,,,,,,,,,R1138
R1138_421,U,421,,,,,,,,,,,,,,,,R1138
R1138_422,A,422,,,,,,,,,,,,,,,,R1138
R1138_423,U,423,,,,,,,,,,,,,,,,R1138
R1138_424,C,424,,,,,,,,,,,,,,,,R1138
R1138_425,C,425,,,,,,,,,,,,,,,,R1138
R1138_426,C,426,,,,,,,,,,,,,,,,R1138
R1138_427,A,427,,,,,,,,,,,,,,,,R1138
R1138_428,G,428,,,,,,,,,,,,,,,,R1138
R1138_429,G,429,,,,,,,,,,,,,,,,R1138
R1138_430,U,430,,,,,,,,,,,,,,,,R1138
R1138_431,U,431,,,,,,,,,,,,,,,,R1138
R1138_432,U,432,,,,,,,,,,,,,,,,R1138
R1138_433,A,433,,,,,,,,,,,,,,,,R1138
R1138_434,U,434,,,,,,,,,,,,,,,,R1138
R1138_435,G,435,,,,,,,,,,,,,,,,R1138
R1138_436,C,436,,,,,,,,,,,,,,,,R1138
R1138_437,U,437,,,,,,,,,,,,,,,,R1138
R1138_438,C,438,,,,,,,,,,,,,,,,R1138
R1138_439,C,439,,,,,,,,,,,,,,,,R1138
R1138_440,C,440,,,,,,,,,,,,,,,,R1138
R1138_441,C,441,,,,,,,,,,,,,,,,R1138
R1138_442,A,442,,,,,,,,,,,,,,,,R1138
R1138_443,A,443,,,,,,,,,,,,,,,,R1138
R1138_444,C,444,,,,,,,,,,,,,,,,R1138
R1138_445,G,445,,,,,,,,,,,,,,,,R1138
R1138_446,C,446,,,,,,,,,,,,,,,,R1138
R1138_447,U,447,,,,,,,,,,,,,,,,R1138
R1138_448,G,448,,,,,,,,,,,,,,,,R1138
R1138_449,G,449,,,,,,,,,,,,,,,,R1138
R1138_450,A,450,,,,,,,,,,,,,,,,R1138
R1138_451,C,451,,,,,,,,,,,,,,,,R1138
R1138_452,G,452,,,,,,,,,,,,,,,,R1138
R1138_453,A,453,,,,,,,,,,,,,,,,R1138
R1138_454,A,454,,,,,,,,,,,,,,,,R1138
R1138_455,C,455,,,,,,,,,,,,,,,,R1138
R1138_456,U,456,,,,,,,,,,,,,,,,R1138
R1138_457,A,457,,,,,,,,,,,,,,,,R1138
R1138_458,C,458,,,,,,,,,,,,,,,,R1138
R1138_459,C,459,,,,,,,,,,,,,,,,R1138
R1138_460,U,460,,,,,,,,,,,,,,,,R1138
R1138_461,A,461,,,,,,,,,,,,,,,,R1138
R1138_462,C,462,,,,,,,,,,,,,,,,R1138
R1138_463,G,463,,,,,,,,,,,,,,,,R1138
R1138_464,U,464,,,,,,,,,,,,,,,,R1138
R1138_465,C,465,,,,,,,,,,,,,,,,R1138
R1138_466,U,466,,,,,,,,,,,,,,,,R1138
R1138_467,A,467,,,,,,,,,,,,,,,,R1138
R1138_468,G,468,,,,,,,,,,,,,,,,R1138
R1138_469,C,469,,,,,,,,,,,,,,,,R1138
R1138_470,G,470,,,,,,,,,,,,,,,,R1138
R1138_471,U,471,,,,,,,,,,,,,,,,R1138
R1138_472,U,472,,,,,,,,,,,,,,,,R1138
R1138_473,C,473,,,,,,,,,,,,,,,,R1138
R1138_474,C,474,,,,,,,,,,,,,,,,R1138
R1138_475,G,475,,,,,,,,,,,,,,,,R1138
R1138_476,G,476,,,,,,,,,,,,,,,,R1138
R1138_477,C,477,,,,,,,,,,,,,,,,R1138
R1138_478,A,478,,,,,,,,,,,,,,,,R1138
R1138_479,A,479,,,,,,,,,,,,,,,,R1138
R1138_480,A,480,,,,,,,,,,,,,,,,R1138
R1138_481,U,481,,,,,,,,,,,,,,,,R1138
R1138_482,G,482,,,,,,,,,,,,,,,,R1138
R1138_483,A,483,,,,,,,,,,,,,,,,R1138
R1138_484,G,484,,,,,,,,,,,,,,,,R1138
R1138_485,U,485,,,,,,,,,,,,,,,,R1138
R1138_486,C,486,,,,,,,,,,,,,,,,R1138
R1138_487,A,487,,,,,,,,,,,,,,,,R1138
R1138_488,A,488,,,,,,,,,,,,,,,,R1138
R1138_489,U,489,,,,,,,,,,,,,,,,R1138
R1138_490,A,490,,,,,,,,,,,,,,,,R1138
R1138_491,C,491,,,,,,,,,,,,,,,,R1138
R1138_492,C,492,,,,,,,,,,,,,,,,R1138
R1138_493,U,493,,,,,,,,,,,,,,,,R1138
R1138_494,C,494,,,,,,,,,,,,,,,,R1138
R1138_495,A,495,,,,,,,,,,,,,,,,R1138
R1138_496,G,496,,,,,,,,,,,,,,,,R1138
R1138_497,A,497,,,,,,,,,,,,,,,,R1138
R1138_498,C,498,,,,,,,,,,,,,,,,R1138
R1138_499,U,499,,,,,,,,,,,,,,,,R1138
R1138_500,U,500,,,,,,,,,,,,,,,,R1138
R1138_501,A,501,,,,,,,,,,,,,,,,R1138
R1138_502,U,502,,,,,,,,,,,,,,,,R1138
R1138_503,U,503,,,,,,,,,,,,,,,,R1138
R1138_504,U,504,,,,,,,,,,,,,,,,R1138
R1138_505,G,505,,,,,,,,,,,,,,,,R1138
R1138_506,C,506,,,,,,,,,,,,,,,,R1138
R1138_507,G,507,,,,,,,,,,,,,,,,R1138
R1138_508,G,508,,,,,,,,,,,,,,,,R1138
R1138_509,U,509,,,,,,,,,,,,,,,,R1138
R1138_510,G,510,,,,,,,,,,,,,,,,R1138
R1138_511,C,511,,,,,,,,,,,,,,,,R1138
R1138_512,C,512,,,,,,,,,,,,,,,,R1138
R1138_513,U,513,,,,,,,,,,,,,,,,R1138
R1138_514,G,514,,,,,,,,,,,,,,,,R1138
R1138_515,A,515,,,,,,,,,,,,,,,,R1138
R1138_516,G,516,,,,,,,,,,,,,,,,R1138
R1138_517,C,517,,,,,,,,,,,,,,,,R1138
R1138_518,C,518,,,,,,,,,,,,,,,,R1138
R1138_519,U,519,,,,,,,,,,,,,,,,R1138
R1138_520,A,520,,,,,,,,,,,,,,,,R1138
R1138_521,A,521,,,,,,,,,,,,,,,,R1138
R1138_522,A,522,,,,,,,,,,,,,,,,R1138
R1138_523,C,523,,,,,,,,,,,,,,,,R1138
R1138_524,U,524,,,,,,,,,,,,,,,,R1138
R1138_525,G,525,,,,,,,,,,,,,,,,R1138
R1138_526,A,526,,,,,,,,,,,,,,,,R1138
R1138_527,A,527,,,,,,,,,,,,,,,,R1138
R1138_528,C,528,,,,,,,,,,,,,,,,R1138
R1138_529,A,529,,,,,,,,,,,,,,,,R1138
R1138_530,U,530,,,,,,,,,,,,,,,,R1138
R1138_531,G,531,,,,,,,,,,,,,,,,R1138
R1138_532,G,532,,,,,,,,,,,,,,,,R1138
R1138_533,G,533,,,,,,,,,,,,,,,,R1138
R1138_534,U,534,,,,,,,,,,,,,,,,R1138
R1138_535,U,535,,,,,,,,,,,,,,,,R1138
R1138_536,C,536,,,,,,,,,,,,,,,,R1138
R1138_537,A,537,,,,,,,,,,,,,,,,R1138
R1138_538,G,538,,,,,,,,,,,,,,,,R1138
R1138_539,G,539,,,,,,,,,,,,,,,,R1138
R1138_540,C,540,,,,,,,,,,,,,,,,R1138
R1138_541,A,541,,,,,,,,,,,,,,,,R1138
R1138_542,U,542,,,,,,,,,,,,,,,,R1138
R1138_543,C,543,,,,,,,,,,,,,,,,R1138
R1138_544,U,544,,,,,,,,,,,,,,,,R1138
R1138_545,U,545,,,,,,,,,,,,,,,,R1138
R1138_546,G,546,,,,,,,,,,,,,,,,R1138
R1138_547,G,547,,,,,,,,,,,,,,,,R1138
R1138_548,C,548,,,,,,,,,,,,,,,,R1138
R1138_549,U,549,,,,,,,,,,,,,,,,R1138
R1138_550,C,550,,,,,,,,,,,,,,,,R1138
R1138_551,C,551,,,,,,,,,,,,,,,,R1138
R1138_552,A,552,,,,,,,,,,,,,,,,R1138
R1138_553,G,553,,,,,,,,,,,,,,,,R1138
R1138_554,U,554,,,,,,,,,,,,,,,,R1138
R1138_555,U,555,,,,,,,,,,,,,,,,R1138
R1138_556,C,556,,,,,,,,,,,,,,,,R1138
R1138_557,G,557,,,,,,,,,,,,,,,,R1138
R1138_558,C,558,,,,,,,,,,,,,,,,R1138
R1138_559,U,559,,,,,,,,,,,,,,,,R1138
R1138_560,G,560,,,,,,,,,,,,,,,,R1138
R1138_561,G,561,,,,,,,,,,,,,,,,R1138
R1138_562,A,562,,,,,,,,,,,,,,,,R1138
R1138_563,G,563,,,,,,,,,,,,,,,,R1138
R1138_564,C,564,,,,,,,,,,,,,,,,R1138
R1138_565,C,565,,,,,,,,,,,,,,,,R1138
R1138_566,G,566,,,,,,,,,,,,,,,,R1138
R1138_567,A,567,,,,,,,,,,,,,,,,R1138
R1138_568,C,568,,,,,,,,,,,,,,,,R1138
R1138_569,G,569,,,,,,,,,,,,,,,,R1138
R1138_570,G,570,,,,,,,,,,,,,,,,R1138
R1138_571,U,571,,,,,,,,,,,,,,,,R1138
R1138_572,A,572,,,,,,,,,,,,,,,,R1138
R1138_573,G,573,,,,,,,,,,,,,,,,R1138
R1138_574,C,574,,,,,,,,,,,,,,,,R1138
R1138_575,G,575,,,,,,,,,,,,,,,,R1138
R1138_576,C,576,,,,,,,,,,,,,,,,R1138
R1138_577,U,577,,,,,,,,,,,,,,,,R1138
R1138_578,G,578,,,,,,,,,,,,,,,,R1138
R1138_579,C,579,,,,,,,,,,,,,,,,R1138
R1138_580,G,580,,,,,,,,,,,,,,,,R1138
R1138_581,U,581,,,,,,,,,,,,,,,,R1138
R1138_582,U,582,,,,,,,,,,,,,,,,R1138
R1138_583,C,583,,,,,,,,,,,,,,,,R1138
R1138_584,G,584,,,,,,,,,,,,,,,,R1138
R1138_585,C,585,,,,,,,,,,,,,,,,R1138
R1138_586,G,586,,,,,,,,,,,,,,,,R1138
R1138_587,C,587,,,,,,,,,,,,,,,,R1138
R1138_588,A,588,,,,,,,,,,,,,,,,R1138
R1138_589,G,589,,,,,,,,,,,,,,,,R1138
R1138_590,U,590,,,,,,,,,,,,,,,,R1138
R1138_591,G,591,,,,,,,,,,,,,,,,R1138
R1138_592,C,592,,,,,,,,,,,,,,,,R1138
R1138_593,U,593,,,,,,,,,,,,,,,,R1138
R1138_594,A,594,,,,,,,,,,,,,,,,R1138
R1138_595,G,595,,,,,,,,,,,,,,,,R1138
R1138_596,G,596,,,,,,,,,,,,,,,,R1138
R1138_597,G,597,,,,,,,,,,,,,,,,R1138
R1138_598,A,598,,,,,,,,,,,,,,,,R1138
R1138_599,G,599,,,,,,,,,,,,,,,,R1138
R1138_600,C,600,,,,,,,,,,,,,,,,R1138
R1138_601,A,601,,,,,,,,,,,,,,,,R1138
R1138_602,U,602,,,,,,,,,,,,,,,,R1138
R1138_603,C,603,,,,,,,,,,,,,,,,R1138
R1138_604,C,604,,,,,,,,,,,,,,,,R1138
R1138_605,G,605,,,,,,,,,,,,,,,,R1138
R1138_606,U,606,,,,,,,,,,,,,,,,R1138
R1138_607,U,607,,,,,,,,,,,,,,,,R1138
R1138_608,U,608,,,,,,,,,,,,,,,,R1138
R1138_609,U,609,,,,,,,,,,,,,,,,R1138
R1138_610,C,610,,,,,,,,,,,,,,,,R1138
R1138_611,G,611,,,,,,,,,,,,,,,,R1138
R1138_612,A,612,,,,,,,,,,,,,,,,R1138
R1138_613,G,613,,,,,,,,,,,,,,,,R1138
R1138_614,C,614,,,,,,,,,,,,,,,,R1138
R1138_615,G,615,,,,,,,,,,,,,,,,R1138
R1138_616,G,616,,,,,,,,,,,,,,,,R1138
R1138_617,A,617,,,,,,,,,,,,,,,,R1138
R1138_618,U,618,,,,,,,,,,,,,,,,R1138
R1138_619,G,619,,,,,,,,,,,,,,,,R1138
R1138_620,C,620,,,,,,,,,,,,,,,,R1138
R1138_621,U,621,,,,,,,,,,,,,,,,R1138
R1138_622,G,622,,,,,,,,,,,,,,,,R1138
R1138_623,G,623,,,,,,,,,,,,,,,,R1138
R1138_624,G,624,,,,,,,,,,,,,,,,R1138
R1138_625,C,625,,,,,,,,,,,,,,,,R1138
R1138_626,G,626,,,,,,,,,,,,,,,,R1138
R1138_627,G,627,,,,,,,,,,,,,,,,R1138
R1138_628,U,628,,,,,,,,,,,,,,,,R1138
R1138_629,U,629,,,,,,,,,,,,,,,,R1138
R1138_630,G,630,,,,,,,,,,,,,,,,R1138
R1138_631,C,631,,,,,,,,,,,,,,,,R1138
R1138_632,C,632,,,,,,,,,,,,,,,,R1138
R1138_633,U,633,,,,,,,,,,,,,,,,R1138
R1138_634,G,634,,,,,,,,,,,,,,,,R1138
R1138_635,U,635,,,,,,,,,,,,,,,,R1138
R1138_636,U,636,,,,,,,,,,,,,,,,R1138
R1138_637,C,637,,,,,,,,,,,,,,,,R1138
R1138_638,G,638,,,,,,,,,,,,,,,,R1138
R1138_639,C,639,,,,,,,,,,,,,,,,R1138
R1138_640,A,640,,,,,,,,,,,,,,,,R1138
R1138_641,G,641,,,,,,,,,,,,,,,,R1138
R1138_642,G,642,,,,,,,,,,,,,,,,R1138
R1138_643,C,643,,,,,,,,,,,,,,,,R1138
R1138_644,A,644,,,,,,,,,,,,,,,,R1138
R1138_645,A,645,,,,,,,,,,,,,,,,R1138
R1138_646,U,646,,,,,,,,,,,,,,,,R1138
R1138_647,C,647,,,,,,,,,,,,,,,,R1138
R1138_648,G,648,,,,,,,,,,,,,,,,R1138
R1138_649,G,649,,,,,,,,,,,,,,,,R1138
R1138_650,G,650,,,,,,,,,,,,,,,,R1138
R1138_651,C,651,,,,,,,,,,,,,,,,R1138
R1138_652,C,652,,,,,,,,,,,,,,,,R1138
R1138_653,U,653,,,,,,,,,,,,,,,,R1138
R1138_654,A,654,,,,,,,,,,,,,,,,R1138
R1138_655,C,655,,,,,,,,,,,,,,,,R1138
R1138_656,U,656,,,,,,,,,,,,,,,,R1138
R1138_657,C,657,,,,,,,,,,,,,,,,R1138
R1138_658,A,658,,,,,,,,,,,,,,,,R1138
R1138_659,U,659,,,,,,,,,,,,,,,,R1138
R1138_660,G,660,,,,,,,,,,,,,,,,R1138
R1138_661,A,661,,,,,,,,,,,,,,,,R1138
R1138_662,U,662,,,,,,,,,,,,,,,,R1138
R1138_663,U,663,,,,,,,,,,,,,,,,R1138
R1138_664,C,664,,,,,,,,,,,,,,,,R1138
R1138_665,G,665,,,,,,,,,,,,,,,,R1138
R1138_666,U,666,,,,,,,,,,,,,,,,R1138
R1138_667,C,667,,,,,,,,,,,,,,,,R1138
R1138_668,A,668,,,,,,,,,,,,,,,,R1138
R1138_669,U,669,,,,,,,,,,,,,,,,R1138
R1138_670,G,670,,,,,,,,,,,,,,,,R1138
R1138_671,A,671,,,,,,,,,,,,,,,,R1138
R1138_672,G,672,,,,,,,,,,,,,,,,R1138
R1138_673,U,673,,,,,,,,,,,,,,,,R1138
R1138_674,G,674,,,,,,,,,,,,,,,,R1138
R1138_675,G,675,,,,,,,,,,,,,,,,R1138
R1138_676,U,676,,,,,,,,,,,,,,,,R1138
R1138_677,G,677,,,,,,,,,,,,,,,,R1138
R1138_678,A,678,,,,,,,,,,,,,,,,R1138
R1138_679,C,679,,,,,,,,,,,,,,,,R1138
R1138_680,A,680,,,,,,,,,,,,,,,,R1138
R1138_681,G,681,,,,,,,,,,,,,,,,R1138
R1138_682,C,682,,,,,,,,,,,,,,,,R1138
R1138_683,G,683,,,,,,,,,,,,,,,,R1138
R1138_684,U,684,,,,,,,,,,,,,,,,R1138
R1138_685,G,685,,,,,,,,,,,,,,,,R1138
R1138_686,A,686,,,,,,,,,,,,,,,,R1138
R1138_687,U,687,,,,,,,,,,,,,,,,R1138
R1138_688,G,688,,,,,,,,,,,,,,,,R1138
R1138_689,U,689,,,,,,,,,,,,,,,,R1138
R1138_690,U,690,,,,,,,,,,,,,,,,R1138
R1138_691,C,691,,,,,,,,,,,,,,,,R1138
R1138_692,G,692,,,,,,,,,,,,,,,,R1138
R1138_693,C,693,,,,,,,,,,,,,,,,R1138
R1138_694,A,694,,,,,,,,,,,,,,,,R1138
R1138_695,U,695,,,,,,,,,,,,,,,,R1138
R1138_696,U,696,,,,,,,,,,,,,,,,R1138
R1138_697,A,697,,,,,,,,,,,,,,,,R1138
R1138_698,C,698,,,,,,,,,,,,,,,,R1138
R1138_699,G,699,,,,,,,,,,,,,,,,R1138
R1138_700,C,700,,,,,,,,,,,,,,,,R1138
R1138_701,U,701,,,,,,,,,,,,,,,,R1138
R1138_702,G,702,,,,,,,,,,,,,,,,R1138
R1138_703,U,703,,,,,,,,,,,,,,,,R1138
R1138_704,C,704,,,,,,,,,,,,,,,,R1138
R1138_705,G,705,,,,,,,,,,,,,,,,R1138
R1138_706,G,706,,,,,,,,,,,,,,,,R1138
R1138_707,G,707,,,,,,,,,,,,,,,,R1138
R1138_708,U,708,,,,,,,,,,,,,,,,R1138
R1138_709,A,709,,,,,,,,,,,,,,,,R1138
R1138_710,G,710,,,,,,,,,,,,,,,,R1138
R1138_711,A,711,,,,,,,,,,,,,,,,R1138
R1138_712,U,712,,,,,,,,,,,,,,,,R1138
R1138_713,G,713,,,,,,,,,,,,,,,,R1138
R1138_714,G,714,,,,,,,,,,,,,,,,R1138
R1138_715,A,715,,,,,,,,,,,,,,,,R1138
R1138_716,G,716,,,,,,,,,,,,,,,,R1138
R1138_717,A,717,,,,,,,,,,,,,,,,R1138
R1138_718,A,718,,,,,,,,,,,,,,,,R1138
R1138_719,U,719,,,,,,,,,,,,,,,,R1138
R1138_720,U,720,,,,,,,,,,,,,,,,R1138
R1117v2_1,U,1,,,,,,,,,,,,,,,,R1117v2
R1117v2_2,U,2,,,,,,,,,,,,,,,,R1117v2
R1117v2_3,G,3,,,,,,,,,,,,,,,,R1117v2
R1117v2_4,G,4,,,,,,,,,,,,,,,,R1117v2
R1117v2_5,G,5,,,,,,,,,,,,,,,,R1117v2
R1117v2_6,U,6,,,,,,,,,,,,,,,,R1117v2
R1117v2_7,U,7,,,,,,,,,,,,,,,,R1117v2
R1117v2_8,C,8,,,,,,,,,,,,,,,,R1117v2
R1117v2_9,C,9,,,,,,,,,,,,,,,,R1117v2
R1117v2_10,C,10,,,,,,,,,,,,,,,,R1117v2
R1117v2_11,U,11,,,,,,,,,,,,,,,,R1117v2
R1117v2_12,C,12,,,,,,,,,,,,,,,,R1117v2
R1117v2_13,A,13,,,,,,,,,,,,,,,,R1117v2
R1117v2_14,C,14,,,,,,,,,,,,,,,,R1117v2
R1117v2_15,C,15,,,,,,,,,,,,,,,,R1117v2
R1117v2_16,C,16,,,,,,,,,,,,,,,,R1117v2
R1117v2_17,C,17,,,,,,,,,,,,,,,,R1117v2
R1117v2_18,A,18,,,,,,,,,,,,,,,,R1117v2
R1117v2_19,A,19,,,,,,,,,,,,,,,,R1117v2
R1117v2_20,U,20,,,,,,,,,,,,,,,,R1117v2
R1117v2_21,C,21,,,,,,,,,,,,,,,,R1117v2
R1117v2_22,A,22,,,,,,,,,,,,,,,,R1117v2
R1117v2_23,U,23,,,,,,,,,,,,,,,,R1117v2
R1117v2_24,A,24,,,,,,,,,,,,,,,,R1117v2
R1117v2_25,A,25,,,,,,,,,,,,,,,,R1117v2
R1117v2_26,A,26,,,,,,,,,,,,,,,,R1117v2
R1117v2_27,A,27,,,,,,,,,,,,,,,,R1117v2
R1117v2_28,A,28,,,,,,,,,,,,,,,,R1117v2
R1117v2_29,G,29,,,,,,,,,,,,,,,,R1117v2
R1117v2_30,G,30,,,,,,,,,,,,,,,,R1117v2
R1128_1,G,1,,,,,,,,,,,,,,,,R1128
R1128_2,G,2,,,,,,,,,,,,,,,,R1128
R1128_3,A,3,,,,,,,,,,,,,,,,R1128
R1128_4,A,4,,,,,,,,,,,,,,,,R1128
R1128_5,U,5,,,,,,,,,,,,,,,,R1128
R1128_6,A,6,,,,,,,,,,,,,,,,R1128
R1128_7,U,7,,,,,,,,,,,,,,,,R1128
R1128_8,C,8,,,,,,,,,,,,,,,,R1128
R1128_9,G,9,,,,,,,,,,,,,,,,R1128
R1128_10,U,10,,,,,,,,,,,,,,,,R1128
R1128_11,C,11,,,,,,,,,,,,,,,,R1128
R1128_12,A,12,,,,,,,,,,,,,,,,R1128
R1128_13,U,13,,,,,,,,,,,,,,,,R1128
R1128_14,G,14,,,,,,,,,,,,,,,,R1128
R1128_15,G,15,,,,,,,,,,,,,,,,R1128
R1128_16,U,16,,,,,,,,,,,,,,,,R1128
R1128_17,G,17,,,,,,,,,,,,,,,,R1128
R1128_18,A,18,,,,,,,,,,,,,,,,R1128
R1128_19,U,19,,,,,,,,,,,,,,,,R1128
R1128_20,U,20,,,,,,,,,,,,,,,,R1128
R1128_21,C,21,,,,,,,,,,,,,,,,R1128
R1128_22,G,22,,,,,,,,,,,,,,,,R1128
R1128_23,U,23,,,,,,,,,,,,,,,,R1128
R1128_24,C,24,,,,,,,,,,,,,,,,R1128
R1128_25,A,25,,,,,,,,,,,,,,,,R1128
R1128_26,C,26,,,,,,,,,,,,,,,,R1128
R1128_27,C,27,,,,,,,,,,,,,,,,R1128
R1128_28,A,28,,,,,,,,,,,,,,,,R1128
R1128_29,U,29,,,,,,,,,,,,,,,,R1128
R1128_30,G,30,,,,,,,,,,,,,,,,R1128
R1128_31,A,31,,,,,,,,,,,,,,,,R1128
R1128_32,G,32,,,,,,,,,,,,,,,,R1128
R1128_33,G,33,,,,,,,,,,,,,,,,R1128
R1128_34,C,34,,,,,,,,,,,,,,,,R1128
R1128_35,U,35,,,,,,,,,,,,,,,,R1128
R1128_36,A,36,,,,,,,,,,,,,,,,R1128
R1128_37,G,37,,,,,,,,,,,,,,,,R1128
R1128_38,A,38,,,,,,,,,,,,,,,,R1128
R1128_39,U,39,,,,,,,,,,,,,,,,R1128
R1128_40,C,40,,,,,,,,,,,,,,,,R1128
R1128_41,U,41,,,,,,,,,,,,,,,,R1128
R1128_42,C,42,,,,,,,,,,,,,,,,R1128
R1128_43,A,43,,,,,,,,,,,,,,,,R1128
R1128_44,U,44,,,,,,,,,,,,,,,,R1128
R1128_45,A,45,,,,,,,,,,,,,,,,R1128
R1128_46,U,46,,,,,,,,,,,,,,,,R1128
R1128_47,C,47,,,,,,,,,,,,,,,,R1128
R1128_48,U,48,,,,,,,,,,,,,,,,R1128
R1128_49,A,49,,,,,,,,,,,,,,,,R1128
R1128_50,G,50,,,,,,,,,,,,,,,,R1128
R1128_51,C,51,,,,,,,,,,,,,,,,R1128
R1128_52,G,52,,,,,,,,,,,,,,,,R1128
R1128_53,C,53,,,,,,,,,,,,,,,,R1128
R1128_54,U,54,,,,,,,,,,,,,,,,R1128
R1128_55,U,55,,,,,,,,,,,,,,,,R1128
R1128_56,U,56,,,,,,,,,,,,,,,,R1128
R1128_57,C,57,,,,,,,,,,,,,,,,R1128
R1128_58,G,58,,,,,,,,,,,,,,,,R1128
R1128_59,A,59,,,,,,,,,,,,,,,,R1128
R1128_60,G,60,,,,,,,,,,,,,,,,R1128
R1128_61,C,61,,,,,,,,,,,,,,,,R1128
R1128_62,G,62,,,,,,,,,,,,,,,,R1128
R1128_63,C,63,,,,,,,,,,,,,,,,R1128
R1128_64,U,64,,,,,,,,,,,,,,,,R1128
R1128_65,A,65,,,,,,,,,,,,,,,,R1128
R1128_66,G,66,,,,,,,,,,,,,,,,R1128
R1128_67,A,67,,,,,,,,,,,,,,,,R1128
R1128_68,G,68,,,,,,,,,,,,,,,,R1128
R1128_69,U,69,,,,,,,,,,,,,,,,R1128
R1128_70,C,70,,,,,,,,,,,,,,,,R1128
R1128_71,C,71,,,,,,,,,,,,,,,,R1128
R1128_72,U,72,,,,,,,,,,,,,,,,R1128
R1128_73,U,73,,,,,,,,,,,,,,,,R1128
R1128_74,A,74,,,,,,,,,,,,,,,,R1128
R1128_75,U,75,,,,,,,,,,,,,,,,R1128
R1128_76,C,76,,,,,,,,,,,,,,,,R1128
R1128_77,U,77,,,,,,,,,,,,,,,,R1128
R1128_78,A,78,,,,,,,,,,,,,,,,R1128
R1128_79,G,79,,,,,,,,,,,,,,,,R1128
R1128_80,C,80,,,,,,,,,,,,,,,,R1128
R1128_81,C,81,,,,,,,,,,,,,,,,R1128
R1128_82,G,82,,,,,,,,,,,,,,,,R1128
R1128_83,G,83,,,,,,,,,,,,,,,,R1128
R1128_84,U,84,,,,,,,,,,,,,,,,R1128
R1128_85,U,85,,,,,,,,,,,,,,,,R1128
R1128_86,U,86,,,,,,,,,,,,,,,,R1128
R1128_87,A,87,,,,,,,,,,,,,,,,R1128
R1128_88,U,88,,,,,,,,,,,,,,,,R1128
R1128_89,A,89,,,,,,,,,,,,,,,,R1128
R1128_90,C,90,,,,,,,,,,,,,,,,R1128
R1128_91,U,91,,,,,,,,,,,,,,,,R1128
R1128_92,U,92,,,,,,,,,,,,,,,,R1128
R1128_93,U,93,,,,,,,,,,,,,,,,R1128
R1128_94,C,94,,,,,,,,,,,,,,,,R1128
R1128_95,G,95,,,,,,,,,,,,,,,,R1128
R1128_96,A,96,,,,,,,,,,,,,,,,R1128
R1128_97,G,97,,,,,,,,,,,,,,,,R1128
R1128_98,U,98,,,,,,,,,,,,,,,,R1128
R1128_99,G,99,,,,,,,,,,,,,,,,R1128
R1128_100,U,100,,,,,,,,,,,,,,,,R1128
R1128_101,G,101,,,,,,,,,,,,,,,,R1128
R1128_102,A,102,,,,,,,,,,,,,,,,R1128
R1128_103,A,103,,,,,,,,,,,,,,,,R1128
R1128_104,C,104,,,,,,,,,,,,,,,,R1128
R1128_105,C,105,,,,,,,,,,,,,,,,R1128
R1128_106,C,106,,,,,,,,,,,,,,,,R1128
R1128_107,G,107,,,,,,,,,,,,,,,,R1128
R1128_108,A,108,,,,,,,,,,,,,,,,R1128
R1128_109,U,109,,,,,,,,,,,,,,,,R1128
R1128_110,A,110,,,,,,,,,,,,,,,,R1128
R1128_111,U,111,,,,,,,,,,,,,,,,R1128
R1128_112,U,112,,,,,,,,,,,,,,,,R1128
R1128_113,C,113,,,,,,,,,,,,,,,,R1128
R1128_114,C,114,,,,,,,,,,,,,,,,R1128
R1128_115,G,115,,,,,,,,,,,,,,,,R1128
R1128_116,C,116,,,,,,,,,,,,,,,,R1128
R1128_117,G,117,,,,,,,,,,,,,,,,R1128
R1128_118,G,118,,,,,,,,,,,,,,,,R1128
R1128_119,A,119,,,,,,,,,,,,,,,,R1128
R1128_120,U,120,,,,,,,,,,,,,,,,R1128
R1128_121,C,121,,,,,,,,,,,,,,,,R1128
R1128_122,A,122,,,,,,,,,,,,,,,,R1128
R1128_123,C,123,,,,,,,,,,,,,,,,R1128
R1128_124,U,124,,,,,,,,,,,,,,,,R1128
R1128_125,A,125,,,,,,,,,,,,,,,,R1128
R1128_126,U,126,,,,,,,,,,,,,,,,R1128
R1128_127,G,127,,,,,,,,,,,,,,,,R1128
R1128_128,A,128,,,,,,,,,,,,,,,,R1128
R1128_129,G,129,,,,,,,,,,,,,,,,R1128
R1128_130,U,130,,,,,,,,,,,,,,,,R1128
R1128_131,C,131,,,,,,,,,,,,,,,,R1128
R1128_132,G,132,,,,,,,,,,,,,,,,R1128
R1128_133,U,133,,,,,,,,,,,,,,,,R1128
R1128_134,U,134,,,,,,,,,,,,,,,,R1128
R1128_135,C,135,,,,,,,,,,,,,,,,R1128
R1128_136,G,136,,,,,,,,,,,,,,,,R1128
R1128_137,C,137,,,,,,,,,,,,,,,,R1128
R1128_138,G,138,,,,,,,,,,,,,,,,R1128
R1128_139,G,139,,,,,,,,,,,,,,,,R1128
R1128_140,C,140,,,,,,,,,,,,,,,,R1128
R1128_141,U,141,,,,,,,,,,,,,,,,R1128
R1128_142,C,142,,,,,,,,,,,,,,,,R1128
R1128_143,A,143,,,,,,,,,,,,,,,,R1128
R1128_144,U,144,,,,,,,,,,,,,,,,R1128
R1128_145,A,145,,,,,,,,,,,,,,,,R1128
R1128_146,G,146,,,,,,,,,,,,,,,,R1128
R1128_147,U,147,,,,,,,,,,,,,,,,R1128
R1128_148,C,148,,,,,,,,,,,,,,,,R1128
R1128_149,C,149,,,,,,,,,,,,,,,,R1128
R1128_150,G,150,,,,,,,,,,,,,,,,R1128
R1128_151,G,151,,,,,,,,,,,,,,,,R1128
R1128_152,C,152,,,,,,,,,,,,,,,,R1128
R1128_153,U,153,,,,,,,,,,,,,,,,R1128
R1128_154,C,154,,,,,,,,,,,,,,,,R1128
R1128_155,A,155,,,,,,,,,,,,,,,,R1128
R1128_156,A,156,,,,,,,,,,,,,,,,R1128
R1128_157,A,157,,,,,,,,,,,,,,,,R1128
R1128_158,G,158,,,,,,,,,,,,,,,,R1128
R1128_159,G,159,,,,,,,,,,,,,,,,R1128
R1128_160,A,160,,,,,,,,,,,,,,,,R1128
R1128_161,C,161,,,,,,,,,,,,,,,,R1128
R1128_162,A,162,,,,,,,,,,,,,,,,R1128
R1128_163,U,163,,,,,,,,,,,,,,,,R1128
R1128_164,C,164,,,,,,,,,,,,,,,,R1128
R1128_165,A,165,,,,,,,,,,,,,,,,R1128
R1128_166,U,166,,,,,,,,,,,,,,,,R1128
R1128_167,G,167,,,,,,,,,,,,,,,,R1128
R1128_168,G,168,,,,,,,,,,,,,,,,R1128
R1128_169,C,169,,,,,,,,,,,,,,,,R1128
R1128_170,C,170,,,,,,,,,,,,,,,,R1128
R1128_171,U,171,,,,,,,,,,,,,,,,R1128
R1128_172,G,172,,,,,,,,,,,,,,,,R1128
R1128_173,U,173,,,,,,,,,,,,,,,,R1128
R1128_174,U,174,,,,,,,,,,,,,,,,R1128
R1128_175,C,175,,,,,,,,,,,,,,,,R1128
R1128_176,G,176,,,,,,,,,,,,,,,,R1128
R1128_177,C,177,,,,,,,,,,,,,,,,R1128
R1128_178,A,178,,,,,,,,,,,,,,,,R1128
R1128_179,G,179,,,,,,,,,,,,,,,,R1128
R1128_180,G,180,,,,,,,,,,,,,,,,R1128
R1128_181,U,181,,,,,,,,,,,,,,,,R1128
R1128_182,U,182,,,,,,,,,,,,,,,,R1128
R1128_183,G,183,,,,,,,,,,,,,,,,R1128
R1128_184,U,184,,,,,,,,,,,,,,,,R1128
R1128_185,G,185,,,,,,,,,,,,,,,,R1128
R1128_186,A,186,,,,,,,,,,,,,,,,R1128
R1128_187,U,187,,,,,,,,,,,,,,,,R1128
R1128_188,U,188,,,,,,,,,,,,,,,,R1128
R1128_189,A,189,,,,,,,,,,,,,,,,R1128
R1128_190,U,190,,,,,,,,,,,,,,,,R1128
R1128_191,G,191,,,,,,,,,,,,,,,,R1128
R1128_192,A,192,,,,,,,,,,,,,,,,R1128
R1128_193,G,193,,,,,,,,,,,,,,,,R1128
R1128_194,U,194,,,,,,,,,,,,,,,,R1128
R1128_195,G,195,,,,,,,,,,,,,,,,R1128
R1128_196,A,196,,,,,,,,,,,,,,,,R1128
R1128_197,G,197,,,,,,,,,,,,,,,,R1128
R1128_198,C,198,,,,,,,,,,,,,,,,R1128
R1128_199,C,199,,,,,,,,,,,,,,,,R1128
R1128_200,G,200,,,,,,,,,,,,,,,,R1128
R1128_201,G,201,,,,,,,,,,,,,,,,R1128
R1128_202,G,202,,,,,,,,,,,,,,,,R1128
R1128_203,U,203,,,,,,,,,,,,,,,,R1128
R1128_204,A,204,,,,,,,,,,,,,,,,R1128
R1128_205,A,205,,,,,,,,,,,,,,,,R1128
R1128_206,G,206,,,,,,,,,,,,,,,,R1128
R1128_207,G,207,,,,,,,,,,,,,,,,R1128
R1128_208,C,208,,,,,,,,,,,,,,,,R1128
R1128_209,A,209,,,,,,,,,,,,,,,,R1128
R1128_210,U,210,,,,,,,,,,,,,,,,R1128
R1128_211,A,211,,,,,,,,,,,,,,,,R1128
R1128_212,C,212,,,,,,,,,,,,,,,,R1128
R1128_213,C,213,,,,,,,,,,,,,,,,R1128
R1128_214,G,214,,,,,,,,,,,,,,,,R1128
R1128_215,U,215,,,,,,,,,,,,,,,,R1128
R1128_216,U,216,,,,,,,,,,,,,,,,R1128
R1128_217,C,217,,,,,,,,,,,,,,,,R1128
R1128_218,G,218,,,,,,,,,,,,,,,,R1128
R1128_219,C,219,,,,,,,,,,,,,,,,R1128
R1128_220,G,220,,,,,,,,,,,,,,,,R1128
R1128_221,G,221,,,,,,,,,,,,,,,,R1128
R1128_222,U,222,,,,,,,,,,,,,,,,R1128
R1128_223,A,223,,,,,,,,,,,,,,,,R1128
R1128_224,U,224,,,,,,,,,,,,,,,,R1128
R1128_225,G,225,,,,,,,,,,,,,,,,R1128
R1128_226,U,226,,,,,,,,,,,,,,,,R1128
R1128_227,C,227,,,,,,,,,,,,,,,,R1128
R1128_228,U,228,,,,,,,,,,,,,,,,R1128
R1128_229,U,229,,,,,,,,,,,,,,,,R1128
R1128_230,A,230,,,,,,,,,,,,,,,,R1128
R1128_231,C,231,,,,,,,,,,,,,,,,R1128
R1128_232,G,232,,,,,,,,,,,,,,,,R1128
R1128_233,A,233,,,,,,,,,,,,,,,,R1128
R1128_234,U,234,,,,,,,,,,,,,,,,R1128
R1128_235,C,235,,,,,,,,,,,,,,,,R1128
R1128_236,C,236,,,,,,,,,,,,,,,,R1128
R1128_237,G,237,,,,,,,,,,,,,,,,R1128
R1128_238,C,238,,,,,,,,,,,,,,,,R1128
R1190_1,G,1,,,,,,,,,,,,,,,,R1190
R1190_2,C,2,,,,,,,,,,,,,,,,R1190
R1190_3,G,3,,,,,,,,,,,,,,,,R1190
R1190_4,U,4,,,,,,,,,,,,,,,,R1190
R1190_5,A,5,,,,,,,,,,,,,,,,R1190
R1190_6,C,6,,,,,,,,,,,,,,,,R1190
R1190_7,A,7,,,,,,,,,,,,,,,,R1190
R1190_8,G,8,,,,,,,,,,,,,,,,R1190
R1190_9,G,9,,,,,,,,,,,,,,,,R1190
R1190_10,G,10,,,,,,,,,,,,,,,,R1190
R1190_11,A,11,,,,,,,,,,,,,,,,R1190
R1190_12,A,12,,,,,,,,,,,,,,,,R1190
R1190_13,C,13,,,,,,,,,,,,,,,,R1190
R1190_14,A,14,,,,,,,,,,,,,,,,R1190
R1190_15,C,15,,,,,,,,,,,,,,,,R1190
R1190_16,G,16,,,,,,,,,,,,,,,,R1190
R1190_17,C,17,,,,,,,,,,,,,,,,R1190
R1190_18,A,18,,,,,,,,,,,,,,,,R1190
R1190_19,A,19,,,,,,,,,,,,,,,,R1190
R1190_20,C,20,,,,,,,,,,,,,,,,R1190
R1190_21,C,21,,,,,,,,,,,,,,,,R1190
R1190_22,C,22,,,,,,,,,,,,,,,,R1190
R1190_23,C,23,,,,,,,,,,,,,,,,R1190
R1190_24,G,24,,,,,,,,,,,,,,,,R1190
R1190_25,A,25,,,,,,,,,,,,,,,,R1190
R1190_26,A,26,,,,,,,,,,,,,,,,R1190
R1190_27,G,27,,,,,,,,,,,,,,,,R1190
R1190_28,G,28,,,,,,,,,,,,,,,,R1190
R1190_29,A,29,,,,,,,,,,,,,,,,R1190
R1190_30,U,30,,,,,,,,,,,,,,,,R1190
R1190_31,C,31,,,,,,,,,,,,,,,,R1190
R1190_32,G,32,,,,,,,,,,,,,,,,R1190
R1190_33,G,33,,,,,,,,,,,,,,,,R1190
R1190_34,G,34,,,,,,,,,,,,,,,,R1190
R1190_35,G,35,,,,,,,,,,,,,,,,R1190
R1190_36,A,36,,,,,,,,,,,,,,,,R1190
R1190_37,A,37,,,,,,,,,,,,,,,,R1190
R1190_38,G,38,,,,,,,,,,,,,,,,R1190
R1190_39,G,39,,,,,,,,,,,,,,,,R1190
R1190_40,G,40,,,,,,,,,,,,,,,,R1190
R1190_41,A,41,,,,,,,,,,,,,,,,R1190
R1190_42,C,42,,,,,,,,,,,,,,,,R1190
R1190_43,G,43,,,,,,,,,,,,,,,,R1190
R1190_44,U,44,,,,,,,,,,,,,,,,R1190
R1190_45,C,45,,,,,,,,,,,,,,,,R1190
R1190_46,G,46,,,,,,,,,,,,,,,,R1190
R1190_47,C,47,,,,,,,,,,,,,,,,R1190
R1190_48,C,48,,,,,,,,,,,,,,,,R1190
R1190_49,A,49,,,,,,,,,,,,,,,,R1190
R1190_50,G,50,,,,,,,,,,,,,,,,R1190
R1190_51,G,51,,,,,,,,,,,,,,,,R1190
R1190_52,G,52,,,,,,,,,,,,,,,,R1190
R1190_53,A,53,,,,,,,,,,,,,,,,R1190
R1190_54,G,54,,,,,,,,,,,,,,,,R1190
R1190_55,G,55,,,,,,,,,,,,,,,,R1190
R1190_56,C,56,,,,,,,,,,,,,,,,R1190
R1190_57,G,57,,,,,,,,,,,,,,,,R1190
R1190_58,A,58,,,,,,,,,,,,,,,,R1190
R1190_59,U,59,,,,,,,,,,,,,,,,R1190
R1190_60,U,60,,,,,,,,,,,,,,,,R1190
R1190_61,C,61,,,,,,,,,,,,,,,,R1190
R1190_62,C,62,,,,,,,,,,,,,,,,R1190
R1190_63,A,63,,,,,,,,,,,,,,,,R1190
R1190_64,U,64,,,,,,,,,,,,,,,,R1190
R1190_65,C,65,,,,,,,,,,,,,,,,R1190
R1190_66,A,66,,,,,,,,,,,,,,,,R1190
R1190_67,G,67,,,,,,,,,,,,,,,,R1190
R1190_68,G,68,,,,,,,,,,,,,,,,R1190
R1190_69,A,69,,,,,,,,,,,,,,,,R1190
R1190_70,U,70,,,,,,,,,,,,,,,,R1190
R1190_71,G,71,,,,,,,,,,,,,,,,R1190
R1190_72,A,72,,,,,,,,,,,,,,,,R1190
R1190_73,U,73,,,,,,,,,,,,,,,,R1190
R1190_74,G,74,,,,,,,,,,,,,,,,R1190
R1190_75,A,75,,,,,,,,,,,,,,,,R1190
R1190_76,C,76,,,,,,,,,,,,,,,,R1190
R1190_77,G,77,,,,,,,,,,,,,,,,R1190
R1190_78,A,78,,,,,,,,,,,,,,,,R1190
R1190_79,G,79,,,,,,,,,,,,,,,,R1190
R1190_80,G,80,,,,,,,,,,,,,,,,R1190
R1190_81,G,81,,,,,,,,,,,,,,,,R1190
R1190_82,A,82,,,,,,,,,,,,,,,,R1190
R1190_83,C,83,,,,,,,,,,,,,,,,R1190
R1190_84,U,84,,,,,,,,,,,,,,,,R1190
R1190_85,G,85,,,,,,,,,,,,,,,,R1190
R1190_86,A,86,,,,,,,,,,,,,,,,R1190
R1190_87,A,87,,,,,,,,,,,,,,,,R1190
R1190_88,G,88,,,,,,,,,,,,,,,,R1190
R1190_89,A,89,,,,,,,,,,,,,,,,R1190
R1190_90,G,90,,,,,,,,,,,,,,,,R1190
R1190_91,U,91,,,,,,,,,,,,,,,,R1190
R1190_92,G,92,,,,,,,,,,,,,,,,R1190
R1190_93,G,93,,,,,,,,,,,,,,,,R1190
R1190_94,G,94,,,,,,,,,,,,,,,,R1190
R1190_95,C,95,,,,,,,,,,,,,,,,R1190
R1190_96,G,96,,,,,,,,,,,,,,,,R1190
R1190_97,G,97,,,,,,,,,,,,,,,,R1190
R1190_98,G,98,,,,,,,,,,,,,,,,R1190
R1190_99,G,99,,,,,,,,,,,,,,,,R1190
R1190_100,U,100,,,,,,,,,,,,,,,,R1190
R1190_101,A,101,,,,,,,,,,,,,,,,R1190
R1190_102,A,102,,,,,,,,,,,,,,,,R1190
R1190_103,U,103,,,,,,,,,,,,,,,,R1190
R1190_104,A,104,,,,,,,,,,,,,,,,R1190
R1190_105,C,105,,,,,,,,,,,,,,,,R1190
R1190_106,C,106,,,,,,,,,,,,,,,,R1190
R1190_107,C,107,,,,,,,,,,,,,,,,R1190
R1190_108,C,108,,,,,,,,,,,,,,,,R1190
R1190_109,G,109,,,,,,,,,,,,,,,,R1190
R1190_110,C,110,,,,,,,,,,,,,,,,R1190
R1190_111,C,111,,,,,,,,,,,,,,,,R1190
R1190_112,C,112,,,,,,,,,,,,,,,,R1190
R1190_113,C,113,,,,,,,,,,,,,,,,R1190
R1190_114,U,114,,,,,,,,,,,,,,,,R1190
R1190_115,U,115,,,,,,,,,,,,,,,,R1190
R1190_116,U,116,,,,,,,,,,,,,,,,R1190
R1190_117,U,117,,,,,,,,,,,,,,,,R1190
R1190_118,U,118,,,,,,,,,,,,,,,,R1190
R1149_1,G,1,,,,,,,,,,,,,,,,R1149
R1149_2,G,2,,,,,,,,,,,,,,,,R1149
R1149_3,A,3,,,,,,,,,,,,,,,,R1149
R1149_4,C,4,,,,,,,,,,,,,,,,R1149
R1149_5,A,5,,,,,,,,,,,,,,,,R1149
R1149_6,C,6,,,,,,,,,,,,,,,,R1149
R1149_7,G,7,,,,,,,,,,,,,,,,R1149
R1149_8,A,8,,,,,,,,,,,,,,,,R1149
R1149_9,G,9,,,,,,,,,,,,,,,,R1149
R1149_10,U,10,,,,,,,,,,,,,,,,R1149
R1149_11,A,11,,,,,,,,,,,,,,,,R1149
R1149_12,A,12,,,,,,,,,,,,,,,,R1149
R1149_13,C,13,,,,,,,,,,,,,,,,R1149
R1149_14,U,14,,,,,,,,,,,,,,,,R1149
R1149_15,C,15,,,,,,,,,,,,,,,,R1149
R1149_16,G,16,,,,,,,,,,,,,,,,R1149
R1149_17,U,17,,,,,,,,,,,,,,,,R1149
R1149_18,C,18,,,,,,,,,,,,,,,,R1149
R1149_19,U,19,,,,,,,,,,,,,,,,R1149
R1149_20,A,20,,,,,,,,,,,,,,,,R1149
R1149_21,U,21,,,,,,,,,,,,,,,,R1149
R1149_22,C,22,,,,,,,,,,,,,,,,R1149
R1149_23,U,23,,,,,,,,,,,,,,,,R1149
R1149_24,U,24,,,,,,,,,,,,,,,,R1149
R1149_25,C,25,,,,,,,,,,,,,,,,R1149
R1149_26,U,26,,,,,,,,,,,,,,,,R1149
R1149_27,G,27,,,,,,,,,,,,,,,,R1149
R1149_28,C,28,,,,,,,,,,,,,,,,R1149
R1149_29,A,29,,,,,,,,,,,,,,,,R1149
R1149_30,G,30,,,,,,,,,,,,,,,,R1149
R1149_31,G,31,,,,,,,,,,,,,,,,R1149
R1149_32,C,32,,,,,,,,,,,,,,,,R1149
R1149_33,U,33,,,,,,,,,,,,,,,,R1149
R1149_34,G,34,,,,,,,,,,,,,,,,R1149
R1149_35,C,35,,,,,,,,,,,,,,,,R1149
R1149_36,U,36,,,,,,,,,,,,,,,,R1149
R1149_37,U,37,,,,,,,,,,,,,,,,R1149
R1149_38,A,38,,,,,,,,,,,,,,,,R1149
R1149_39,C,39,,,,,,,,,,,,,,,,R1149
R1149_40,G,40,,,,,,,,,,,,,,,,R1149
R1149_41,G,41,,,,,,,,,,,,,,,,R1149
R1149_42,U,42,,,,,,,,,,,,,,,,R1149
R1149_43,U,43,,,,,,,,,,,,,,,,R1149
R1149_44,U,44,,,,,,,,,,,,,,,,R1149
R1149_45,C,45,,,,,,,,,,,,,,,,R1149
R1149_46,G,46,,,,,,,,,,,,,,,,R1149
R1149_47,U,47,,,,,,,,,,,,,,,,R1149
R1149_48,C,48,,,,,,,,,,,,,,,,R1149
R1149_49,C,49,,,,,,,,,,,,,,,,R1149
R1149_50,G,50,,,,,,,,,,,,,,,,R1149
R1149_51,U,51,,,,,,,,,,,,,,,,R1149
R1149_52,G,52,,,,,,,,,,,,,,,,R1149
R1149_53,U,53,,,,,,,,,,,,,,,,R1149
R1149_54,U,54,,,,,,,,,,,,,,,,R1149
R1149_55,G,55,,,,,,,,,,,,,,,,R1149
R1149_56,C,56,,,,,,,,,,,,,,,,R1149
R1149_57,A,57,,,,,,,,,,,,,,,,R1149
R1149_58,G,58,,,,,,,,,,,,,,,,R1149
R1149_59,C,59,,,,,,,,,,,,,,,,R1149
R1149_60,C,60,,,,,,,,,,,,,,,,R1149
R1149_61,G,61,,,,,,,,,,,,,,,,R1149
R1149_62,A,62,,,,,,,,,,,,,,,,R1149
R1149_63,U,63,,,,,,,,,,,,,,,,R1149
R1149_64,C,64,,,,,,,,,,,,,,,,R1149
R1149_65,A,65,,,,,,,,,,,,,,,,R1149
R1149_66,U,66,,,,,,,,,,,,,,,,R1149
R1149_67,C,67,,,,,,,,,,,,,,,,R1149
R1149_68,A,68,,,,,,,,,,,,,,,,R1149
R1149_69,G,69,,,,,,,,,,,,,,,,R1149
R1149_70,C,70,,,,,,,,,,,,,,,,R1149
R1149_71,A,71,,,,,,,,,,,,,,,,R1149
R1149_72,C,72,,,,,,,,,,,,,,,,R1149
R1149_73,A,73,,,,,,,,,,,,,,,,R1149
R1149_74,U,74,,,,,,,,,,,,,,,,R1149
R1149_75,C,75,,,,,,,,,,,,,,,,R1149
R1149_76,U,76,,,,,,,,,,,,,,,,R1149
R1149_77,A,77,,,,,,,,,,,,,,,,R1149
R1149_78,G,78,,,,,,,,,,,,,,,,R1149
R1149_79,G,79,,,,,,,,,,,,,,,,R1149
R1149_80,U,80,,,,,,,,,,,,,,,,R1149
R1149_81,U,81,,,,,,,,,,,,,,,,R1149
R1149_82,U,82,,,,,,,,,,,,,,,,R1149
R1149_83,C,83,,,,,,,,,,,,,,,,R1149
R1149_84,G,84,,,,,,,,,,,,,,,,R1149
R1149_85,U,85,,,,,,,,,,,,,,,,R1149
R1149_86,C,86,,,,,,,,,,,,,,,,R1149
R1149_87,C,87,,,,,,,,,,,,,,,,R1149
R1149_88,G,88,,,,,,,,,,,,,,,,R1149
R1149_89,G,89,,,,,,,,,,,,,,,,R1149
R1149_90,G,90,,,,,,,,,,,,,,,,R1149
R1149_91,U,91,,,,,,,,,,,,,,,,R1149
R1149_92,G,92,,,,,,,,,,,,,,,,R1149
R1149_93,U,93,,,,,,,,,,,,,,,,R1149
R1149_94,G,94,,,,,,,,,,,,,,,,R1149
R1149_95,A,95,,,,,,,,,,,,,,,,R1149
R1149_96,C,96,,,,,,,,,,,,,,,,R1149
R1149_97,C,97,,,,,,,,,,,,,,,,R1149
R1149_98,G,98,,,,,,,,,,,,,,,,R1149
R1149_99,A,99,,,,,,,,,,,,,,,,R1149
R1149_100,A,100,,,,,,,,,,,,,,,,R1149
R1149_101,A,101,,,,,,,,,,,,,,,,R1149
R1149_102,G,102,,,,,,,,,,,,,,,,R1149
R1149_103,G,103,,,,,,,,,,,,,,,,R1149
R1149_104,U,104,,,,,,,,,,,,,,,,R1149
R1149_105,A,105,,,,,,,,,,,,,,,,R1149
R1149_106,A,106,,,,,,,,,,,,,,,,R1149
R1149_107,G,107,,,,,,,,,,,,,,,,R1149
R1149_108,A,108,,,,,,,,,,,,,,,,R1149
R1149_109,U,109,,,,,,,,,,,,,,,,R1149
R1149_110,G,110,,,,,,,,,,,,,,,,R1149
R1149_111,G,111,,,,,,,,,,,,,,,,R1149
R1149_112,A,112,,,,,,,,,,,,,,,,R1149
R1149_113,G,113,,,,,,,,,,,,,,,,R1149
R1149_114,A,114,,,,,,,,,,,,,,,,R1149
R1149_115,G,115,,,,,,,,,,,,,,,,R1149
R1149_116,C,116,,,,,,,,,,,,,,,,R1149
R1149_117,C,117,,,,,,,,,,,,,,,,R1149
R1149_118,U,118,,,,,,,,,,,,,,,,R1149
R1149_119,U,119,,,,,,,,,,,,,,,,R1149
R1149_120,G,120,,,,,,,,,,,,,,,,R1149
R1149_121,U,121,,,,,,,,,,,,,,,,R1149
R1149_122,C,122,,,,,,,,,,,,,,,,R1149
R1149_123,C,123,,,,,,,,,,,,,,,,R1149
R1149_124,C,124,,,,,,,,,,,,,,,,R1149
R1189_1,G,1,,,,,,,,,,,,,,,,R1189
R1189_2,C,2,,,,,,,,,,,,,,,,R1189
R1189_3,G,3,,,,,,,,,,,,,,,,R1189
R1189_4,U,4,,,,,,,,,,,,,,,,R1189
R1189_5,A,5,,,,,,,,,,,,,,,,R1189
R1189_6,C,6,,,,,,,,,,,,,,,,R1189
R1189_7,A,7,,,,,,,,,,,,,,,,R1189
R1189_8,G,8,,,,,,,,,,,,,,,,R1189
R1189_9,G,9,,,,,,,,,,,,,,,,R1189
R1189_10,G,10,,,,,,,,,,,,,,,,R1189
R1189_11,A,11,,,,,,,,,,,,,,,,R1189
R1189_12,A,12,,,,,,,,,,,,,,,,R1189
R1189_13,C,13,,,,,,,,,,,,,,,,R1189
R1189_14,A,14,,,,,,,,,,,,,,,,R1189
R1189_15,C,15,,,,,,,,,,,,,,,,R1189
R1189_16,G,16,,,,,,,,,,,,,,,,R1189
R1189_17,C,17,,,,,,,,,,,,,,,,R1189
R1189_18,A,18,,,,,,,,,,,,,,,,R1189
R1189_19,A,19,,,,,,,,,,,,,,,,R1189
R1189_20,C,20,,,,,,,,,,,,,,,,R1189
R1189_21,C,21,,,,,,,,,,,,,,,,R1189
R1189_22,C,22,,,,,,,,,,,,,,,,R1189
R1189_23,C,23,,,,,,,,,,,,,,,,R1189
R1189_24,G,24,,,,,,,,,,,,,,,,R1189
R1189_25,A,25,,,,,,,,,,,,,,,,R1189
R1189_26,A,26,,,,,,,,,,,,,,,,R1189
R1189_27,G,27,,,,,,,,,,,,,,,,R1189
R1189_28,G,28,,,,,,,,,,,,,,,,R1189
R1189_29,A,29,,,,,,,,,,,,,,,,R1189
R1189_30,U,30,,,,,,,,,,,,,,,,R1189
R1189_31,C,31,,,,,,,,,,,,,,,,R1189
R1189_32,G,32,,,,,,,,,,,,,,,,R1189
R1189_33,G,33,,,,,,,,,,,,,,,,R1189
R1189_34,G,34,,,,,,,,,,,,,,,,R1189
R1189_35,G,35,,,,,,,,,,,,,,,,R1189
R1189_36,A,36,,,,,,,,,,,,,,,,R1189
R1189_37,A,37,,,,,,,,,,,,,,,,R1189
R1189_38,G,38,,,,,,,,,,,,,,,,R1189
R1189_39,G,39,,,,,,,,,,,,,,,,R1189
R1189_40,G,40,,,,,,,,,,,,,,,,R1189
R1189_41,A,41,,,,,,,,,,,,,,,,R1189
R1189_42,C,42,,,,,,,,,,,,,,,,R1189
R1189_43,G,43,,,,,,,,,,,,,,,,R1189
R1189_44,U,44,,,,,,,,,,,,,,,,R1189
R1189_45,C,45,,,,,,,,,,,,,,,,R1189
R1189_46,G,46,,,,,,,,,,,,,,,,R1189
R1189_47,C,47,,,,,,,,,,,,,,,,R1189
R1189_48,C,48,,,,,,,,,,,,,,,,R1189
R1189_49,A,49,,,,,,,,,,,,,,,,R1189
R1189_50,G,50,,,,,,,,,,,,,,,,R1189
R1189_51,G,51,,,,,,,,,,,,,,,,R1189
R1189_52,G,52,,,,,,,,,,,,,,,,R1189
R1189_53,A,53,,,,,,,,,,,,,,,,R1189
R1189_54,G,54,,,,,,,,,,,,,,,,R1189
R1189_55,G,55,,,,,,,,,,,,,,,,R1189
R1189_56,C,56,,,,,,,,,,,,,,,,R1189
R1189_57,G,57,,,,,,,,,,,,,,,,R1189
R1189_58,A,58,,,,,,,,,,,,,,,,R1189
R1189_59,U,59,,,,,,,,,,,,,,,,R1189
R1189_60,U,60,,,,,,,,,,,,,,,,R1189
R1189_61,C,61,,,,,,,,,,,,,,,,R1189
R1189_62,C,62,,,,,,,,,,,,,,,,R1189
R1189_63,A,63,,,,,,,,,,,,,,,,R1189
R1189_64,U,64,,,,,,,,,,,,,,,,R1189
R1189_65,C,65,,,,,,,,,,,,,,,,R1189
R1189_66,A,66,,,,,,,,,,,,,,,,R1189
R1189_67,G,67,,,,,,,,,,,,,,,,R1189
R1189_68,G,68,,,,,,,,,,,,,,,,R1189
R1189_69,A,69,,,,,,,,,,,,,,,,R1189
R1189_70,U,70,,,,,,,,,,,,,,,,R1189
R1189_71,G,71,,,,,,,,,,,,,,,,R1189
R1189_72,A,72,,,,,,,,,,,,,,,,R1189
R1189_73,U,73,,,,,,,,,,,,,,,,R1189
R1189_74,G,74,,,,,,,,,,,,,,,,R1189
R1189_75,A,75,,,,,,,,,,,,,,,,R1189
R1189_76,C,76,,,,,,,,,,,,,,,,R1189
R1189_77,G,77,,,,,,,,,,,,,,,,R1189
R1189_78,A,78,,,,,,,,,,,,,,,,R1189
R1189_79,G,79,,,,,,,,,,,,,,,,R1189
R1189_80,G,80,,,,,,,,,,,,,,,,R1189
R1189_81,G,81,,,,,,,,,,,,,,,,R1189
R1189_82,A,82,,,,,,,,,,,,,,,,R1189
R1189_83,C,83,,,,,,,,,,,,,,,,R1189
R1189_84,U,84,,,,,,,,,,,,,,,,R1189
R1189_85,G,85,,,,,,,,,,,,,,,,R1189
R1189_86,A,86,,,,,,,,,,,,,,,,R1189
R1189_87,A,87,,,,,,,,,,,,,,,,R1189
R1189_88,G,88,,,,,,,,,,,,,,,,R1189
R1189_89,A,89,,,,,,,,,,,,,,,,R1189
R1189_90,G,90,,,,,,,,,,,,,,,,R1189
R1189_91,U,91,,,,,,,,,,,,,,,,R1189
R1189_92,G,92,,,,,,,,,,,,,,,,R1189
R1189_93,G,93,,,,,,,,,,,,,,,,R1189
R1189_94,G,94,,,,,,,,,,,,,,,,R1189
R1189_95,C,95,,,,,,,,,,,,,,,,R1189
R1189_96,G,96,,,,,,,,,,,,,,,,R1189
R1189_97,G,97,,,,,,,,,,,,,,,,R1189
R1189_98,G,98,,,,,,,,,,,,,,,,R1189
R1189_99,G,99,,,,,,,,,,,,,,,,R1189
R1189_100,U,100,,,,,,,,,,,,,,,,R1189
R1189_101,A,101,,,,,,,,,,,,,,,,R1189
R1189_102,A,102,,,,,,,,,,,,,,,,R1189
R1189_103,U,103,,,,,,,,,,,,,,,,R1189
R1189_104,A,104,,,,,,,,,,,,,,,,R1189
R1189_105,C,105,,,,,,,,,,,,,,,,R1189
R1189_106,C,106,,,,,,,,,,,,,,,,R1189
R1189_107,C,107,,,,,,,,,,,,,,,,R1189
R1189_108,C,108,,,,,,,,,,,,,,,,R1189
R1189_109,G,109,,,,,,,,,,,,,,,,R1189
R1189_110,C,110,,,,,,,,,,,,,,,,R1189
R1189_111,C,111,,,,,,,,,,,,,,,,R1189
R1189_112,C,112,,,,,,,,,,,,,,,,R1189
R1189_113,C,113,,,,,,,,,,,,,,,,R1189
R1189_114,U,114,,,,,,,,,,,,,,,,R1189
R1189_115,U,115,,,,,,,,,,,,,,,,R1189
R1189_116,U,116,,,,,,,,,,,,,,,,R1189
R1189_117,U,117,,,,,,,,,,,,,,,,R1189
R1189_118,U,118,,,,,,,,,,,,,,,,R1189
